Número de proceso,Nombre de proceso,Tipo de proceso,Fecha de apertura,Estado,Unidad ejecutora
31-0008-LPU23,"SERVICIO DE REEMPLAZO, PROVISIÓN Y PUESTA A PUNTO DE NUEVO TABLERO Y TENDIDOS PRINCIPALES CPFCABA",Licitación Pública,17/11/2025 12:00 Hrs.,Publicado,660
31-0040-LPU24,"Adquisición de colchones y almohadas ignifugas, con destino al S.P.F",Licitación Pública,18/11/2025 12:00 Hrs.,Publicado,660
31-0044-LPU24,EJECUCIÓN DE RED DE PROTECCIÓN CONTRA INCENDIO Y REACONDICIONAMIENTO DE TANQUE TORRE DEL CPFCABA,Licitación Pública,19/11/2025 16:00 Hrs.,Publicado,660
31-0087-LPU24,SALIDAS ALTERNATIVAS DE EVACUACION PERTENECIENTES AL CPF-CABA,Licitación Pública,20/11/2025 16:00 Hrs.,Publicado,660
37/39-0404-CDI25,ADQUISICION DE AGUA MINERAL,Contratación Directa,17/10/2025 11:00 Hrs.,Publicado,1168
37/39-0444-CDI25,ADQUISICIÓN DE ALIMENTOS PARA PERSONAS.,Contratación Directa,22/10/2025 10:00 Hrs.,Publicado,1168
84/26-0457-LPU25,MANTENIMIENTO INTEGRAL DE LOS EQUIPOS GASTRONOMICOS DE LA COCINA GENERAL DEL H GRL 601 - HMC,Licitación Pública,17/10/2025 09:00 Hrs.,Publicado,1025
66-0014-LPR25,Servicio de retiro y destrucción de residuos especiales.,Licitación Privada,03/11/2025 12:00 Hrs.,Publicado,1281
38/16-0680-LPR25,ADQUIRIR HERRAMIENTAS INC. 4 PARA LAS TAREAS DE MANTENIMIENTO AERONAUTICO DEL TVAZ.,Licitación Privada,16/10/2025 10:00 Hrs.,Publicado,973
78-0008-CDI25,"Locación de inmueble sito en Avenida 12 de Octubre 2465, Quilmes Oeste, provincia de Buenos Aires.",Contratación Directa,20/10/2025 12:00 Hrs.,Publicado,704
37/70-0670-CDI25,ADQUISICION DE TONER Y TINTAS PARA IMPRESORAS Y FOTOCOPIADORAS,Contratación Directa,16/10/2025 10:00 Hrs.,Publicado,1957
63-0050-LPU25,Contratación de seguros patrimoniales,Licitación Pública,24/10/2025 11:00 Hrs.,Publicado,1255
74/35-0328-LPR25,Contratación de un Seguro Integral de Comercio para el PN Copo.-,Licitación Privada,20/10/2025 08:00 Hrs.,Publicado,1125
65-0016-CDI25,Adquisición de artículos de librería,Contratación Directa,29/10/2025 10:00 Hrs.,Publicado,936
52-0031-LPU25,SERVICIO DE IMPRESIÓN PARA EL INTERIOR DEL PAÍS POR EL TERMINO DE DOCE (12) MESES,Licitación Pública,28/10/2025 12:00 Hrs.,Publicado,719
487-0067-LPU25,"Adquisición de Nutriciones, y Electrolitos para el Servicio FARMACIA INTERNA",Licitación Pública,20/10/2025 10:00 Hrs.,Publicado,1345
436-0011-LPR25,Adquisición de equipos de seguridad administrada – Firewall NGFW.,Licitación Privada,17/10/2025 11:00 Hrs.,Publicado,795
63-0051-LPU25,Suministro y distribución de bidones de agua para Jefatura Reg Bonaerense V y oficinas dependientes,Licitación Pública,17/10/2025 11:00 Hrs.,Publicado,1255
507-0002-CDI25,SERVICIO DE EMERGENCIAS BAJO LA MODALIDAD DE ÁREA PROTEGIDA,Contratación Directa,16/10/2025 10:00 Hrs.,Publicado,1945
91-0001-LPU25,"SERVICIO DE LIMPIEZA SEDE AV. RIVADAVIA, ANEXOS Y MUSEO DE CS. NATURALES “BERNARDINORIVADAVIA”",Licitación Pública,16/10/2025 10:00 Hrs.,Publicado,1052
40/14-0126-LPU25,ADQUISICIÓN DE FRUTAS Y VERDURAS (CG),Licitación Pública,16/10/2025 09:00 Hrs.,Publicado,844
33-0043-LPR25,Adquisición de CIENTO OCHENTA Y SEIS (186) Extintores portátiles de 5kg de clase ABC,Licitación Privada,16/10/2025 12:00 Hrs.,Publicado,654
49-0002-LPU25,CONTRATACIÓN SERVICIO VIGILANCIA SEDE CENTRAL Y DELEGACIÓN MENDOZA DEL INV,Licitación Pública,31/10/2025 12:00 Hrs.,Publicado,1048
38/3-0280-LPU25,SERVICIO DE REEMPLAZO DE LA CUBIERTA DE TECHO DE LA CASA Nº 146 DE LA (BNPB),Licitación Pública,15/10/2025 09:00 Hrs.,Publicado,995
487-0077-LPU25,ADQUISICION DE INSUMOS PARA BIOLOGIA MOLECULAR,Licitación Pública,22/10/2025 10:00 Hrs.,Publicado,1345
46-0045-LPU25,Adquisicion de Mezcla asfaltica para aplicación en frio,Licitación Pública,24/10/2025 11:00 Hrs.,Publicado,709
40/14-0136-LPU25,"ADQUISICIÓN DE LÁCTEOS, FIAMBRES, VEGETALES CONGELADOS, GRASAS ALIMENTICIAS Y PASTAS FRESCAS (CG)",Licitación Pública,16/10/2025 09:00 Hrs.,Publicado,844
37/81-0768-CDI25,ADQUISICIÓN DE SERVICIO DE MANTENIMIENTO Y REPARACIÓN DE VEHÍCULOS,Contratación Directa,23/10/2025 11:00 Hrs.,Publicado,1204
37/70-0772-CDI25,RECARGA Y MANTENIMIENTO DE MATAFUEGOS ANUAL,Contratación Directa,17/10/2025 10:00 Hrs.,Publicado,1957
21-0026-LPR25,LIMPIEZA DELEGACIÓN ROSARIO,Licitación Privada,20/10/2025 12:00 Hrs.,Publicado,698
101-0013-CDI25,Servicio de mantenimiento electromecánico,Contratación Directa,20/10/2025 09:00 Hrs.,Publicado,917
40/9-0142-LPU25,MANTENIMIENTO Y REPARACIÓN DE UPS,Licitación Pública,23/10/2025 07:00 Hrs.,Publicado,843
40/9-0606-CDI25,ADQUISICION DE MATERIALES DE ELECTRICIDAD (TECNICO),Contratación Directa,17/10/2025 07:00 Hrs.,Publicado,843
37/76-0781-CDI25,ADQUISICION DE RESPUESTOS PARA CAMION EUROCARGO 4X4,Contratación Directa,16/10/2025 08:00 Hrs.,Publicado,1788
14/3-0248-CDI25,ELEMENTOS DE SEGURIDAD GANTL,Contratación Directa,27/10/2025 12:00 Hrs.,Publicado,948
14/3-0250-CDI25,GASES PARA LABORATOPRIO -GATNL,Contratación Directa,24/10/2025 10:30 Hrs.,Publicado,948
507-0005-CDI25,ADQUISICIÓN DE ÚTILES,Contratación Directa,21/10/2025 10:00 Hrs.,Publicado,1945
318-0010-CDI25,"Servicio de mantenimiento del software de liquidación de haberes, sistema de sueldos y jornales.",Contratación Directa,17/10/2025 12:00 Hrs.,Publicado,802
38/12-1143-LPR25,ADQUISICIÓN DE SISTEMAS DE ALIMENTACIÓN ININTERRUMPIDA (UPS) PARA LAS UNIDADES DEPENDIENTES DEL COFM,Licitación Privada,17/10/2025 08:00 Hrs.,Publicado,951
21-0028-LPR25,SERVICIO INTEGRAL DE LIMPIEZA DELEGACIÓN ENTRE RÍOS,Licitación Privada,20/10/2025 12:00 Hrs.,Publicado,698
82-0014-LPU25,Adquisición de equipamiento informático,Licitación Pública,15/10/2025 12:00 Hrs.,Publicado,656
37/140-0788-CDI25,ADQUISICIÓN DE REPUESTOS Y ACCESORIOS PARA VEHICULOS,Contratación Directa,15/10/2025 08:00 Hrs.,Publicado,1958
84/28-1397-LPR25,ADQUISICIÓN DE INSUMOS PARA 3ER NIVEL DE MANTENIMIENTO (G MANT SIS AA 601),Licitación Privada,22/10/2025 08:00 Hrs.,Publicado,1026
38/37-0122-CDI25,SERVICIO REPARACION DE BOBINA DE RESONADOR MAGNETICO,Contratación Directa,16/10/2025 08:30 Hrs.,Publicado,997
347-0018-LPU25,ADQUISICIÓN DE MOTORES DIÉSEL MARINOS DE INYECCIÓN MECÁNICA PARA LANCHAS DE FRONTERA,Licitación Pública,20/10/2025 12:00 Hrs.,Publicado,638
347-0019-LPU25,SERVICIO DE MANTENIMIENTO INTEGRAL DE LA RED FEDERAL DE COMUNICACIONES P25,Licitación Pública,20/10/2025 12:00 Hrs.,Publicado,638
392-0012-LPR25,Adquisición UNA (1) UPS 10KVA / 10000W 230 V - Online Doble Conversión para AABE.,Licitación Privada,20/10/2025 12:00 Hrs.,Publicado,594
37/154-0799-CDI25,SERVICIO DE RECARGA DE MATAFUEGO,Contratación Directa,20/10/2025 10:00 Hrs.,Publicado,1922
487-0083-LPU25,"Adquisición, acarreo y puesta en funcionamiento de UN (01) SISTEMA AUTOMATIZADO DE DISPENSACIÓN PAR",Licitación Pública,05/11/2025 10:00 Hrs.,Publicado,1345
38/16-1182-LPR25,EQUIPOS DE CALEFACCION CENTRAL PARA EL TVAZ,Licitación Privada,20/10/2025 10:00 Hrs.,Publicado,973
37/77-0809-CDI25,“ADQUISICIÓN DE ALIMENTO BALANCEADO PARA CANES”,Contratación Directa,17/10/2025 12:00 Hrs.,Publicado,1789
38/12-0321-LPU25,ADQ EQUIPO PLATAFORMA ESTABILIZADORA P/RECUPERAR CAPACIDAD SIST DE AYUDA A LA NAVEGACION P/ MEKO 140,Licitación Pública,27/10/2025 09:00 Hrs.,Publicado,951
289-0006-LPR25,ADQUISICIÓN DE  TOALLAS DE PAPEL PARA MANOS,Licitación Privada,22/10/2025 11:00 Hrs.,Publicado,723
68-0016-LPU25,"SERVICIO DE MANTENIMIENTO DEL SISTEMA DE MONITOREO DE TEMPERATURA, HUMEDAD Y PRESIÓN (SCADA) - INEVH",Licitación Pública,17/10/2025 12:00 Hrs.,Publicado,963
38/3-1215-LPR25,ADQUISICIÓN DE SILLAS PARA LA SALA DE ENSAYO DE LA BANDA DE MUSICA DE LA BNPB,Licitación Privada,15/10/2025 08:00 Hrs.,Publicado,995
38/3-1216-LPR25,ADQUISICION DE INSUMOS GRAFICOS (BNPB),Licitación Privada,15/10/2025 09:00 Hrs.,Publicado,995
21-0031-LPR25,LIMPIEZA DELEGACIÓN ALMIRANTE BROWN,Licitación Privada,17/10/2025 12:00 Hrs.,Publicado,698
14/1-0265-CDI25,ADQUISICÓN DE AIRES ACONDICONADOS,Contratación Directa,27/10/2025 11:00 Hrs.,Publicado,965
487-0085-LPU25,READECUACIÓN DE LOS SERVICIOS DE HEMODINAMIA Y UNIDAD DE CUIDADOS CORONARIOS,Licitación Pública,28/10/2025 10:00 Hrs.,Publicado,1345
46/19-0346-CDI25,ADQUISICIÓN  DE REPUESTOS PARA TRACTORES PAUNYS,Contratación Directa,24/10/2025 13:00 Hrs.,Publicado,754
40/39-0501-LPR25,Mantenimiento de equipamiento para planta técnica del Hospital Aeronáutico Central,Licitación Privada,22/10/2025 10:00 Hrs.,Publicado,877
14/3-0268-CDI25,ADQUISICIÓN DE PINTURAS E INSUMOS,Contratación Directa,27/10/2025 10:30 Hrs.,Publicado,948
300-0007-LPR25,Adquisición de útiles de oficina.,Licitación Privada,24/10/2025 12:00 Hrs.,Publicado,587
37/142-0822-CDI25,ADQUISICION DE REPUESTOS Y ACCESORIOS PARA COMPUTADORA,Contratación Directa,16/10/2025 10:00 Hrs.,Publicado,1960
37/19-0823-CDI25,ADQUISICIÓN REPUESTOS PARA MOTOVEHÍCULOS,Contratación Directa,22/10/2025 09:00 Hrs.,Publicado,1148
37/64-0052-LPU25,"ADQUISICION DE SERVICIO DE LIMPIEZA DE LOS PASOS INTERNACIONALES ""RIO ENCUENTRO"" Y ""RIO FUTALEUFU""",Licitación Pública,17/10/2025 12:00 Hrs.,Publicado,1192
84/89-1451-LPR25,Contratación del servicio de mantenimiento y reparación del edificio Nro. 9 de la DGE,Licitación Privada,16/10/2025 09:30 Hrs.,Publicado,1045
14-0273-CDI25,ADQUISICIÓN DE NEUMATICOS PARA VEHICULOS DEL AGE,Contratación Directa,29/10/2025 10:30 Hrs.,Publicado,934
84/89-1457-LPR25,Contratar el servicio de reparación y mantenimiento de techos de los edificios Nro 8 y 14 de la DGE,Licitación Privada,16/10/2025 11:00 Hrs.,Publicado,1045
63-0070-LPU25,Adquisición de Materiales de Iluminación,Licitación Pública,21/10/2025 11:00 Hrs.,Publicado,1255
84/99-1459-LPR25,SERVICIO DE RECOLECCION DE RESIDUOS PATOLOGICOS,Licitación Privada,17/10/2025 08:00 Hrs.,Publicado,1046
52-0042-LPU25,Adquisición de Precintos y Caravanas numerados,Licitación Pública,20/10/2025 10:30 Hrs.,Publicado,719
84/89-1462-LPR25,Contratar el servicio de mantenimiento y reparación de red de gas natural del edificio nro 16 - DGE,Licitación Privada,16/10/2025 10:00 Hrs.,Publicado,1045
40/39-0506-LPR25,"""ADQUISICIÓN DE FRUTAS Y VERDURAS PARA H.A.C/I.G.E”",Licitación Privada,23/10/2025 10:00 Hrs.,Publicado,877
14/3-0031-LPU25,EQUIPAMIENTO PARA DEPARTAMENTO DE INVESTIGACIÓN,Licitación Pública,24/10/2025 10:30 Hrs.,Publicado,948
487-0087-LPU25,"Adquisición de Guantes, Barbijos y Botas",Licitación Pública,03/11/2025 10:00 Hrs.,Publicado,1345
23-0005-LPR25,Adquisición y Servicio de mantenimiento de extintores,Licitación Privada,16/10/2025 13:00 Hrs.,Publicado,589
84/89-1466-LPR25,Servicio remodelación de vestuarios de Edificio Nro 34 - DGE,Licitación Privada,16/10/2025 12:00 Hrs.,Publicado,1045
97-0004-LPU25,ALQUILER DE EQUIPOS TAE POR SEIS MESES CON OPCIÓN A PRORROGA,Licitación Pública,16/10/2025 11:00 Hrs.,Publicado,1312
68-0120-CDI25,Adquisición de drogas y químicos-CNIN-,Contratación Directa,23/10/2025 11:00 Hrs.,Publicado,963
40/43-0508-LPR25,ADQUISICIÓN DE MAQUINARIA PARA CORTE DE PASTO,Licitación Privada,24/10/2025 08:00 Hrs.,Publicado,881
52-0043-LPU25,ADQUISICION DE KITS DE DIAGNOSTICOS,Licitación Pública,20/10/2025 12:00 Hrs.,Publicado,719
315-0008-LPR25,Adquisición de Materiales de Construcción,Licitación Privada,24/10/2025 11:00 Hrs.,Publicado,604
315-0009-LPR25,Adquisición de Materiales Eléctricos destinados a los servicios del SAF 362,Licitación Privada,27/10/2025 11:00 Hrs.,Publicado,604
95-0010-LPR25,CONTRATACION DE SERVICIO DE RECARGA DE MATAFUEGOS  Y LA ADQUISICIÓN DE EXTINTORES,Licitación Privada,20/10/2025 11:00 Hrs.,Publicado,632
14/3-0033-LPU25,SERVICIO DE MANTENIMIENTO DE PARQUES Y JARDINES CENTRO ATOMICO BARILOCHE,Licitación Pública,22/10/2025 09:00 Hrs.,Publicado,948
30-0020-LPU25,capacitaciones iniciales de mantenimiento para aeronaves,Licitación Pública,22/10/2025 10:30 Hrs.,Publicado,1264
38/12-1265-LPR25,"ADQUISICIÓN DE BOMBA PARA REFRIGERACIÓN DE GENERADORES DEL BUQUE LOGISTICO A.R.A. ""PATAGONIA""",Licitación Privada,23/10/2025 08:00 Hrs.,Publicado,951
40/39-0514-LPR25,Adquisición de insumos biomédicos y gastroenterología,Licitación Privada,24/10/2025 10:00 Hrs.,Publicado,877
46-0049-LPU25,Adquisición de materiales para bacheo en caliente por Administración,Licitación Pública,23/10/2025 11:00 Hrs.,Publicado,709
81-0011-CDI25,Adquisición de útiles de oficina,Contratación Directa,15/10/2025 11:00 Hrs.,Publicado,634
37/39-0158-LPR25,"ADQUISICIÓN SERVICIO DE LIMPIEZA DE EDIFICIOS DEL PASO INTERNACIONAL LA QUIACA ""DR HORACIO GUZMAN"".",Licitación Privada,15/10/2025 11:00 Hrs.,Publicado,1168
81-0018-LPU25,Servicio de emisión de tarjetas corporativas prepagas para la flota vehicular.,Licitación Pública,22/10/2025 12:00 Hrs.,Publicado,634
68-0128-CDI25,CONTRATACIÓN SERVICIO DE IMPRESIÓN DE BLOCKS INE JARA-,Contratación Directa,16/10/2025 12:00 Hrs.,Publicado,963
347-0020-LPU25,"Adq. centr. de estaciones terrestres de operación de VANT, en modalidad ""Cautivos"".",Licitación Pública,15/10/2025 12:00 Hrs.,Publicado,638
68-0130-CDI25,"Adquisición de elementos de bioseguridad con destino al INE ""DR. JUAN H. JARA""",Contratación Directa,21/10/2025 11:00 Hrs.,Publicado,963
28-0006-CDI25,Provisión de insumos para el Laboratorio de Control Doping de la SUBSECRETARÍA DE DEPORTES,Contratación Directa,21/10/2025 15:00 Hrs.,Publicado,749
40/23-0518-LPR25,PINTURAS Y AFINES,Licitación Privada,24/10/2025 09:00 Hrs.,Publicado,1952
38/37-0138-CDI25,ELEMENTOS PROTECCION HERRERIA,Contratación Directa,15/10/2025 09:00 Hrs.,Publicado,997
52-0046-LPU25,Adquisición de insumos de monitoreo para la Dirección Nacional de Protección Vegetal,Licitación Pública,30/10/2025 12:00 Hrs.,Publicado,719
72-0069-LPU25,"ADQUISICION DE MOBILIARIO, ELECTRODOMESTICOS, ENSERES Y HERRAMIENTAS.",Licitación Pública,15/10/2025 09:00 Hrs.,Publicado,1050
38/31-0139-CDI25,ADQUISICION DE ELEMENTOS DE PINTURA,Contratación Directa,16/10/2025 11:00 Hrs.,Publicado,996
999-0009-LPU25,"Acuerdo Marco para la contratación del Servicio de impresión, copiado y digitalización de documentos",Licitación Pública,15/10/2025 15:00 Hrs.,Publicado,585
16-0025-LPR25,RENOVACIÓN DE LICENCIAS DE ZOOM BUSINESS,Licitación Privada,24/10/2025 10:00 Hrs.,Publicado,676
26-0006-LPR25,Adquisición Interruptores termomagnéticos,Licitación Privada,16/10/2025 11:00 Hrs.,Publicado,644
36-0014-CDI25,Adquisición de Elementos de Protección Personal (EPP),Contratación Directa,17/10/2025 10:00 Hrs.,Publicado,711
63-0073-LPU25,Suministro y distribución de Bidones de agua para Jefatura Regional Noreste y Oficinas Dependientes,Licitación Pública,22/10/2025 11:00 Hrs.,Publicado,1255
95-0011-LPR25,ADQUISICIÓN DE PRODUCTOS E INSUMOS DE ENFERMERÍA,Licitación Privada,15/10/2025 12:00 Hrs.,Publicado,632
14-0085-LPR25,MÓDULO TIPO CONTENEDOR PARA OFICINA,Licitación Privada,27/10/2025 10:30 Hrs.,Publicado,934
23-0016-CDI25,Adquisición de insumos de impresión y repuestos para los equipos multifunción EPSON.,Contratación Directa,16/10/2025 12:00 Hrs.,Publicado,589
84/13-0898-LPU25,"AST PARA LA PROV DE INSUM, SIEM, COND, Y COSECH P/ PROD DE AJO, AJO Y TOMATE EN 48,6 HAS – ECLA",Licitación Pública,16/10/2025 10:00 Hrs.,Publicado,1008
46-0050-LPU25,Contratación de servicio de provisión y colocación de mezcla asfáltica en caliente,Licitación Pública,22/10/2025 11:00 Hrs.,Publicado,709
97-0044-LPR25,ADQUISICIÓN DE CONTROL DE NIVEL DE AGUA MAGNÉTICO PARA CALDERIN DE AUTOCLAVE QUETZAL,Licitación Privada,21/10/2025 10:00 Hrs.,Publicado,1312
37/22-0163-LPR25,SERVICIO DE CONSTRUCCION CENOTAFIO 2025,Licitación Privada,29/10/2025 11:00 Hrs.,Publicado,1151
487-0091-LPU25,Adquisición de ambos y guardapolvos para el Complejo Médico CHURRUCA-VISCA,Licitación Pública,30/10/2025 10:00 Hrs.,Publicado,1345
14/1-0086-LPR25,SERVICIO DE REPARACION DE TECHOS GAEN SEGUNDO LLAMADO,Licitación Privada,16/10/2025 09:00 Hrs.,Publicado,965
14-0286-CDI25,ADQUISICIÓN DE INSUMOS DE LIBRERÍA PARA EL CMFSP,Contratación Directa,22/10/2025 10:30 Hrs.,Publicado,934
40/52-0522-LPR25,Servicio de Plataformas Virtuales para el CENTRO REGIONAL UNIVERSITARIO CÓRDOBA - IUA,Licitación Privada,17/10/2025 10:00 Hrs.,Publicado,1308
37/76-0854-CDI25,ADQUISICIÓN DE AGUA ENVASADA EN BIDON,Contratación Directa,23/10/2025 10:00 Hrs.,Publicado,1788
38/19-0347-LPU25,"SERVICIO DE INSTALACIÓN Y PRESTACIÓN DE TRANSMISIÓN DE DATOS, INTERNET Y RED DE TELECOMUNICACION",Licitación Pública,23/10/2025 07:00 Hrs.,Publicado,1088
79-0005-CDI25,Contratación de un Servicio Integral de Exámenes Preocupacionales,Contratación Directa,16/10/2025 10:00 Hrs.,Publicado,592
79-0006-CDI25,CONTRATACIÓN DE SERVICIO INTEGRAL PARA LA GESTIÓN DE RESIDUOS PATOGÉNICOS,Contratación Directa,16/10/2025 10:00 Hrs.,Publicado,592
44-0011-CDI25,Readecuación y Mantenimiento del Sistema de Control de Acceso Físico,Contratación Directa,20/10/2025 12:00 Hrs.,Publicado,694
40/51-0154-LPU25,Servicio de Recolección de Residuos Peligrosos Y Patógenos Hospital Aeronáutico Córdoba,Licitación Pública,17/10/2025 10:00 Hrs.,Publicado,982
46/16-0372-CDI25,SERVICIO DE AUDITORIA DE SUPERFICIE Y HERMETICIDAD PARA SURTIDORES PERTENECIENTES AL 16º DISTRITO.,Contratación Directa,20/10/2025 15:00 Hrs.,Publicado,769
40/51-0692-CDI25,Serv de Mant Preventivo y Correctivo de equipos de rayos del Depto Diagnostico por Imágenes del HACO,Contratación Directa,17/10/2025 10:00 Hrs.,Publicado,982
300-0002-LPU25,Servicio integral de limpieza con provisión de insumos para distintas dependencias de la SLYT.,Licitación Pública,27/10/2025 10:00 Hrs.,Publicado,587
68-0136-CDI25,Adquisición de filtros y prefiltros para el sistema de aire acondicionado con destino al CNCCB,Contratación Directa,16/10/2025 11:00 Hrs.,Publicado,963
84/26-0902-LPU25,ADQUISICION DE INSUMOS DE LABORATORIO PARA EL SECTOR DE QUIMICA DEL DEPARTAMENTO DE BIOQUIMICA,Licitación Pública,21/10/2025 09:00 Hrs.,Publicado,1025
53-0004-LPR25,SERVICIO DE LIMPIEZA EDIFICIOS Y OFICINAS CENTROS MENDOZA Y GENERAL ROCA,Licitación Privada,27/10/2025 10:00 Hrs.,Publicado,938
81-0008-LPR25,Contratación de un servicio de remodelación y puesta en funcionamiento de sanitarios,Licitación Privada,28/10/2025 12:00 Hrs.,Publicado,634
38/22-1315-LPR25,"Adquisición de Artículos de electricidad, herramientas menores  e insumos de audio",Licitación Privada,17/10/2025 10:00 Hrs.,Publicado,1111
97-0005-LPU25,"MANTENIMIENTO DE AIRES ACONDICIONADOS ,SPLITS Y CENTRALES POR SEIS (6) MESES CON OPCIÓN A PRÓRROGA",Licitación Pública,31/10/2025 10:00 Hrs.,Publicado,1312
28-0025-LPR25,Serv de mant preventivo semi integral de equipos de aire acondicionado en predios SSD,Licitación Privada,17/10/2025 15:00 Hrs.,Publicado,749
38/3-1322-LPR25,ADQUIRIR EQUIPO  ESCANER AUTOMOTRIZ PARA EL PARQUE AUTOMOTOR DE LA BASE NAVAL PUERTO BELGRANO.,Licitación Privada,20/10/2025 09:00 Hrs.,Publicado,995
97-0046-LPR25,ADQUISICIÓN DE INSUMOS – SERVICIO DE DIAGNÓSTICO POR IMÁGENES,Licitación Privada,29/10/2025 10:00 Hrs.,Publicado,1312
95-0012-LPR25,ADQUISICIÓN Y REPARACIÓN DE DESFIBRILADORES EXTERNOS AUTOMÁTICOS (DEA),Licitación Privada,16/10/2025 10:00 Hrs.,Publicado,632
95-0009-CDI25,ADQUISICIÓN DE ELEMENTOS DE SEGURIDAD Y PROTECCIÓN PERSONAL,Contratación Directa,15/10/2025 11:00 Hrs.,Publicado,632
37/88-0864-CDI25,ADQUISICIÓN DE NEUMÁTICOS Y BATERÍAS,Contratación Directa,20/10/2025 11:00 Hrs.,Publicado,1211
97-0047-LPR25,SOLICITUD DE COMPRA DE MATERIALES DE PLOMERIA Y GAS,Licitación Privada,30/10/2025 10:00 Hrs.,Publicado,1312
41-0016-CDI25,Servicio de  mantenimiento de grupo electrógeno,Contratación Directa,15/10/2025 06:00 Hrs.,Publicado,725
84/7-0909-LPU25,CONTRATAR EL SERVICIO DE CAPACITACIÓN - MOTORES RR250-C47E/4 – B AB MANT AERON 601,Licitación Pública,18/11/2025 09:00 Hrs.,Publicado,941
68-0139-CDI25,Servicio de alquiler de fotocopiadoras con destino al INER,Contratación Directa,20/10/2025 11:00 Hrs.,Publicado,963
74/31-0444-LPR25,Licitacion Mejoramiento de provisión de agua del Parque Nacional Lihué Calel”,Licitación Privada,15/10/2025 10:00 Hrs.,Publicado,1124
72-0052-CDI25,ADQUISICION DE PINTURAS PARA OBISPADO CASTRENSE,Contratación Directa,20/10/2025 10:00 Hrs.,Publicado,1050
38/12-1332-LPR25,ADQUISICIÓN DE PROLONGADORES CON ESTABILIZACIÓN DE TENSION PARA UNIDADES DEPENDIENTES DEL COFM,Licitación Privada,17/10/2025 09:00 Hrs.,Publicado,951
74-0024-LPU25,Adquisición de indumentaria y calzado reglamentarios,Licitación Pública,04/11/2025 10:00 Hrs.,Publicado,911
38/12-0362-LPU25,ADQUISICIÓN DE PURIFICADORAS DE COMBUSTIBLE PARA LAS UNIDADES DEPENDIENTES DE LA DVCB,Licitación Pública,15/10/2025 09:00 Hrs.,Publicado,951
37/48-0172-LPR25,ADQUISICION DE MATERIALES DE CONSTRUCCION PARA CIERRE PERIMETRAL DEL ESCUADRÓN 25 JÁCHAL,Licitación Privada,24/10/2025 11:00 Hrs.,Publicado,1176
17-0040-CDI25,CONTRATACION SERVICIO CERTIFICACION MENSUAL CALDERAS,Contratación Directa,20/10/2025 08:00 Hrs.,Publicado,806
84/140-0912-LPU25,ADQUIRIR AGUA MINERAL – ACTIVIDADES OPERACIONALES – RI MTE 28,Licitación Pública,17/10/2025 09:00 Hrs.,Publicado,1014
84/140-0913-LPU25,ADQUIRIR RECIPIENTES PARA ALIMENTOS – ACTIVIDADES OPERACIONALES – RI MTE 28,Licitación Pública,15/10/2025 09:00 Hrs.,Publicado,1014
46/17-0385-CDI25,Reparación de unidad camión Ford VW Cosntellation 17-250 del 17° Distrito,Contratación Directa,23/10/2025 12:00 Hrs.,Publicado,770
40/39-0702-CDI25,ADQUISICION QUIMICOS E INDICADORES,Contratación Directa,17/10/2025 10:00 Hrs.,Publicado,877
40/39-0529-LPR25,ADQUISICIÓN DE MEDICACION CARDIOLOGICA Y RESPIRATORIA PARA EL HAC,Licitación Privada,23/10/2025 10:00 Hrs.,Publicado,877
27-0017-LPR25,Solicitud impresión material EPH y folletos institucionales 2° trimestre 2026,Licitación Privada,22/10/2025 12:00 Hrs.,Publicado,664
97-0048-LPR25,COMPRA DE EQUIPAMIENTO MEDICO,Licitación Privada,30/10/2025 10:00 Hrs.,Publicado,1312
53-0028-CDI25,ADQUISICION NEUMATICOS,Contratación Directa,17/10/2025 10:00 Hrs.,Publicado,938
40/39-0534-LPR25,“Adquisición de Medicación de Alto Costo para el Hac”,Licitación Privada,20/10/2025 10:00 Hrs.,Publicado,877
38/17-1345-LPR25,ADQ. MOTOGENERADORES PARA LICAS DE ESCUELA NAVAL MILITAR,Licitación Privada,16/10/2025 09:00 Hrs.,Publicado,1110
78-0016-LPU25,"Contratación del serv. integral de traslado, guarda y custodia de cajas de archivo de documentación",Licitación Pública,23/10/2025 12:00 Hrs.,Publicado,704
40/5-0707-CDI25,Elementos de electricidad,Contratación Directa,15/10/2025 08:00 Hrs.,Publicado,1797
72-0127-LPR25,SERVICIO DE PERFORACION Y CONEXION DE AGUA PRA EL CAECOPAZ,Licitación Privada,15/10/2025 09:00 Hrs.,Publicado,1050
72-0128-LPR25,ADQUISICION DE EQUIPAMIENTO SANITARIO PARA BAÑOS DEL EMCO EDIFICIO LIBERTADOR,Licitación Privada,15/10/2025 09:00 Hrs.,Publicado,1050
91-0011-CDI25,SERVICIO DE MANTENCION INTEGRAL DE ASCENSORES Y BOMBAS DE AGUA,Contratación Directa,23/10/2025 10:00 Hrs.,Publicado,1052
18-0014-LPR25,LIMPIEZA Y DESINFECCION DE TANQUES DE RESERVA SANITARIA Y TANQUES DE BOMBEO,Licitación Privada,17/10/2025 12:00 Hrs.,Publicado,735
18-0015-LPR25,SERVICIO DE MANTENIMIENTO INTEGRAL DE EQUIPOS DE AIRE ACONDICIONADO,Licitación Privada,28/10/2025 12:00 Hrs.,Publicado,735
38/3-1347-LPR25,ADQUISICION MATERIALES ELECTRICIDAD (SISA),Licitación Privada,16/10/2025 09:00 Hrs.,Publicado,995
81-0014-CDI25,Adquisición de Banderas de Flameo,Contratación Directa,22/10/2025 12:00 Hrs.,Publicado,634
38/19-1350-LPR25,ADQUISICIÓN DE MÁQUINAS DE JARDINERÍA - JEMI,Licitación Privada,20/10/2025 07:00 Hrs.,Publicado,1088
483-0012-LPR25,Servicio de Cobertura de Área Protegida para la Atención Médica para ANDIS,Licitación Privada,24/10/2025 17:00 Hrs.,Publicado,904
72-0053-CDI25,ADQUISICION DE REACTIVOS PARA EL LABORATORIO FARMACEUTICO CONJUNTO,Contratación Directa,15/10/2025 09:00 Hrs.,Publicado,1050
38/3-0365-LPU25,ADQUISICIÓN DE EQUIPOS E INSUMOS DE BUCEO PARA EL SERVICIO DE SALVAMENTO DE LA ARMADA,Licitación Pública,28/10/2025 09:00 Hrs.,Publicado,995
40/49-0157-LPU25,“Adquisición de Elementos de Pintura  para el ÁREA LOGÍSTICA CÓRDOBA”,Licitación Pública,16/10/2025 10:00 Hrs.,Publicado,983
30-0021-LPU25,Servicio de UNA (01) Plataforma Analítica de Integración de Datos Geoespaciales,Licitación Pública,30/10/2025 10:30 Hrs.,Publicado,1264
84/89-1577-LPR25,Adquisición de servidor para el SIU de la Facultad de Ejercito,Licitación Privada,17/10/2025 09:00 Hrs.,Publicado,1045
38/19-1359-LPR25,ADQUISICIÓN DE PRESENTES PROTOCOLARES - DIPO.,Licitación Privada,17/10/2025 07:00 Hrs.,Publicado,1088
18-0002-LPU25,SERVICIO DE LIMPIEZA INTEGRAL - I.N.A.E.S.,Licitación Pública,16/10/2025 12:00 Hrs.,Publicado,735
44-0002-LPR25,Mantenimiento de Ascensores y Remplazo de Componentes,Licitación Privada,16/10/2025 12:00 Hrs.,Publicado,694
37/10-0177-LPR25,ADQUISICION DE NEUMATICOS Y REPUESTOS PARA MOTOVEHICULOS ,Licitación Privada,16/10/2025 11:00 Hrs.,Publicado,1140
40/39-0536-LPR25,Medicación anticoagulante y otros para el Hospital Aeronáutico Central.,Licitación Privada,22/10/2025 10:00 Hrs.,Publicado,877
43-0028-CDI25,Adquisición de Indumentaria de Trabajo.,Contratación Directa,17/10/2025 08:30 Hrs.,Publicado,1105
65-0008-LPU25,Raciones en Cocido.,Licitación Pública,23/10/2025 10:00 Hrs.,Publicado,936
95-0015-LPR25,"ADQUISICIÓN DE INSUMOS/REPUESTOS P/ESTACIONES DE TRABAJO, SERVIDORES Y LIBRERÍAS DE CINTAS",Licitación Privada,30/10/2025 12:00 Hrs.,Publicado,632
39-0035-LPU25,ADQUISICIÓN DE REPUESTOS Y AUTOPARTES PARA UNIDADES MARCA FIAT DEL PARQUE AUTOMOTOR.,Licitación Pública,23/10/2025 09:00 Hrs.,Publicado,1082
38/19-1362-LPR25,ADQUISICIÓN DE MUEBLES PARA OFICINAS - DGPN,Licitación Privada,27/10/2025 07:00 Hrs.,Publicado,1088
38/31-0142-CDI25,SERVICIO DE REPARACION DE HUMEDAD DE OFICINAS,Contratación Directa,23/10/2025 09:00 Hrs.,Publicado,996
38/4-1364-LPR25,ADQUISICION DE COLCHONES Y ALMOHADAS PARA EL ARSENAL NAVAL AZOPARDO,Licitación Privada,22/10/2025 10:00 Hrs.,Publicado,1089
68-0142-CDI25,"SERVICIO DE PROVISION DE NITROGENO LIQUIDO CON DESTINO AL INER "" DR. EMILIO CONI""",Contratación Directa,22/10/2025 12:00 Hrs.,Publicado,963
30-0017-CDI25,Locación de UN (1) inmueble sede de la División ANTIDROGAS CÓRDOBA,Contratación Directa,21/10/2025 10:30 Hrs.,Publicado,1264
95-0016-LPR25,SERVICIO DE PUESTA A PUNTO Y MANTENIMIENTO DE GRUPOS ELECTRÓGENOS,Licitación Privada,24/10/2025 10:00 Hrs.,Publicado,632
81-0020-LPU25,Servicio de mantenimiento de instalaciones eléctricas y electromecánicas.,Licitación Pública,23/10/2025 12:00 Hrs.,Publicado,634
27-0018-LPR25,Contratación servicios de medicina laboral.,Licitación Privada,17/10/2025 12:00 Hrs.,Publicado,664
38/19-1365-LPR25,ADQUISICIÓN DE EQUIPAMIENTO INFORMÁTICO - SICC,Licitación Privada,27/10/2025 07:00 Hrs.,Publicado,1088
49-0064-CDI25,REPARACIÓN DE VEHÍCULO OFICIAL DEL INV DOMINIO KSJ-944,Contratación Directa,20/10/2025 12:00 Hrs.,Publicado,1048
84/6-1590-LPR25,ADQUISICIÓN DE DESFIBRILADOR EXTERNO AUTOMÁTICO,Licitación Privada,16/10/2025 08:00 Hrs.,Publicado,1002
46/20-0056-LPR25,Provisión de repuestos varios para unidades livianas,Licitación Privada,16/10/2025 10:30 Hrs.,Publicado,773
38/3-1368-LPR25,SERVICIO DE ALINEACIÓN Y BALANCEO (BNPB),Licitación Privada,20/10/2025 09:00 Hrs.,Publicado,995
39-0036-LPU25,"PROVISIÓN, INSTALACIÓN Y PUESTA EN SERVICIO DE UN SISTEMA DE VISUALIZACIÓN DEL TIPO VIDEO WALL.",Licitación Pública,15/10/2025 09:00 Hrs.,Publicado,1082
30-0034-LPR25,Adquisición de BATERÍAS DE DIFERENTES MEDIDAS Y AMPERAJES,Licitación Privada,23/10/2025 10:30 Hrs.,Publicado,1264
30-0035-LPR25,Adquisición de QUINIENTOS (500) matafuegos,Licitación Privada,29/10/2025 10:30 Hrs.,Publicado,1264
74/1-0471-LPR25,Service anual de recarga y mantenimiento de matafuegos para el PNNH,Licitación Privada,16/10/2025 12:00 Hrs.,Publicado,1282
92-0009-LPR25,SERVICIO MANTENIMIENTO Y REPARACIÓN SISTEMA CONTRA INCENDIOS DE LAS INSTALACIONES DE LA BNMM,Licitación Privada,24/10/2025 11:00 Hrs.,Publicado,1103
40/39-0540-LPR25,Adquisición de reactivos para Hematología con equipo en comodato para el HAC,Licitación Privada,20/10/2025 10:00 Hrs.,Publicado,877
84/15-0923-LPU25,SERVICIO DE MANT Y REP DE VEHICULO- (BAL TANDIL- FORD SUPER DUTY- COL) - CRED EXTRA PRES 2025.,Licitación Pública,16/10/2025 08:00 Hrs.,Publicado,1017
21-0034-LPR25,"SERVICIO DE MANTENIMIENTO DE GRUPOS ELECTROGENOS PASOS TANCREDO, SAN PEDRO, ANDRESITO E IRIGOYEN.",Licitación Privada,28/10/2025 12:00 Hrs.,Publicado,698
53-0007-LPR25,SERVICIO DE LIMPIEZA EDIFICIOS Y OFICINAS CENTRO LA RIOJA,Licitación Privada,22/10/2025 10:00 Hrs.,Publicado,938
84/26-0924-LPU25,ADQUISICIÓN DE INSUMOS ESPECIFICOS PARA EL DPTO DE T Y O,Licitación Pública,22/10/2025 09:00 Hrs.,Publicado,1025
37/130-0884-CDI25,ADQUISICION DE ALIMENTOS PARA CANES,Contratación Directa,17/10/2025 10:00 Hrs.,Publicado,1246
38/25-1372-LPR25,ADQUISICION DE PINTURAS AERONAUTICAS PARA LAS AERONAVES SKA200 Y T34C-1,Licitación Privada,20/10/2025 08:00 Hrs.,Publicado,1122
84/18-0925-LPU25,ADQUISICIÓN DE GAS LICUADO PARA RECARGA DE ZEPPELIN EN EL AMBITO DE LA VIta BRIGADA DE MONTAÑA.,Licitación Pública,15/10/2025 08:00 Hrs.,Publicado,1020
38/19-1375-LPR25,SERVICIO DE REACONDICIONAMIENTO DEL HOGAR NAVAL STELLA MARIS,Licitación Privada,24/10/2025 07:00 Hrs.,Publicado,1088
408-0001-CDI25,SERVICIO DE IMPRESIÒN DE LIBRO DIGNIDAD Y DERECHOS HUMANOS ,Contratación Directa,15/10/2025 14:00 Hrs.,Publicado,793
21-0036-LPR25,SERVICIO DE LIMPIEZA DELEGACION MAR DEL PLATA,Licitación Privada,03/11/2025 12:00 Hrs.,Publicado,698
84/35-1595-LPR25,Contratar un servicio de instalación de un sistema de detección de incendios para el ISMDDC,Licitación Privada,16/10/2025 07:30 Hrs.,Publicado,1033
84/99-1597-LPR25,ADQUISICION DE ELEMENTOS PARA LA CONSTRUCCION,Licitación Privada,21/10/2025 08:00 Hrs.,Publicado,1046
46/5-0397-CDI25,SERVICIO DE REVISIONES TÉCNICAS OBLIGATORIAS,Contratación Directa,15/10/2025 12:00 Hrs.,Publicado,758
28-0026-LPR25,Servicio de proyecto ejecutivo para la actualización de tableros eléctricos en el predio CENARD-SSD,Licitación Privada,28/10/2025 15:00 Hrs.,Publicado,749
37/145-0887-CDI25,ADQUISICIÓN DE ELEMENTOS DE LIMPIEZA,Contratación Directa,23/10/2025 10:00 Hrs.,Publicado,1963
38/4-1377-LPR25,"ADQUISICIÓN E INSTALACIÓN DE ESTACIÓN METEOROLÓGICA PARA EL AVISO A.R.A. “BAHÍA AGRADABLE""",Licitación Privada,23/10/2025 10:00 Hrs.,Publicado,1089
38/19-1378-LPR25,ADQUISICIÓN DE PROYECTORES DGPN - DIAP,Licitación Privada,15/10/2025 07:00 Hrs.,Publicado,1088
74/8-0480-LPR25,Adquisición de materiales para la confección de la cartelería del Parque Nacional Los Glaciares,Licitación Privada,15/10/2025 08:00 Hrs.,Publicado,1097
38/16-1380-LPR25,ADQUISICION DE ELEMENTOS DE LIMPIEZA PARA EL TALLER AERONAVAL ALMIRANTE ZAR,Licitación Privada,20/10/2025 10:00 Hrs.,Publicado,973
84/13-0928-LPU25,PERMUTA DE TONELADAS DE SOJA POR FERTILIZANTES,Licitación Pública,20/10/2025 09:00 Hrs.,Publicado,1008
40/47-0542-LPR25,Adquisición de Elementos de Ferretería para la EAM,Licitación Privada,20/10/2025 10:00 Hrs.,Publicado,887
84/98-0929-LPU25,CONTRATACIÓN DE SERVICIO PARA MANTENIMIENTO Y REPARACIÓN DE AZOTEA EDIFIO NRO 1- RI 1 PATRICIOS ,Licitación Pública,16/10/2025 08:00 Hrs.,Publicado,957
84/12-0930-LPU25,REMODELACIÓN DE LA RESIDENCIA MILITAR - CAMPO DE MAYO - 2DA ETAPA,Licitación Pública,24/10/2025 09:00 Hrs.,Publicado,1005
46/24-0057-LPR25,SERVICIO DE REPARACIÓN DE ALCANTARILLA,Licitación Privada,24/10/2025 13:00 Hrs.,Publicado,777
46/9-0403-CDI25,Adquisición de aditivo para reciclado material de fresado (RAP) - 9º Distrito San Juan,Contratación Directa,20/10/2025 12:00 Hrs.,Publicado,762
68-0143-CDI25,ADQUISICIÓN DE INSUMOS PARA EL CITÓMETRO DE FLUJO-CNCCB,Contratación Directa,17/10/2025 11:00 Hrs.,Publicado,963
37/54-0891-CDI25,“ADQUISICIÓN DE CARTUCHOS  DE TONER PARA IMPRESORAS.,Contratación Directa,15/10/2025 10:00 Hrs.,Publicado,1182
30-0036-LPR25,Limpieza de alfombras para el Salón Dorado y Salón Microcine del Departamento Central PFA,Licitación Privada,24/10/2025 10:30 Hrs.,Publicado,1264
68-0144-CDI25,Adquisición de reactivos para laboratorio con destino al INER,Contratación Directa,16/10/2025 11:30 Hrs.,Publicado,963
46/20-0406-CDI25,Provision de insumos para Sección Señalamiento horizontal y vertical,Contratación Directa,21/10/2025 10:30 Hrs.,Publicado,773
74-0028-LPU25,Adquisición de DOS MILLONES QUINIENTOS MIL (2.500.000) tickets SETECA,Licitación Pública,17/10/2025 09:00 Hrs.,Publicado,911
40/19-0729-CDI25,ADQUISICION DE MATERIALES Y ACCESORIOS DE PINTURAS.,Contratación Directa,16/10/2025 09:00 Hrs.,Publicado,851
38/18-1382-LPR25,"MANTENIMIENTO EQUIPOS DE ALTA COMPLEJIDAD SANIDAD DEL ROMPEHIELOS A.R.A. ""ALMIRANTE IRIZAR""",Licitación Privada,20/10/2025 10:00 Hrs.,Publicado,1055
84/28-1609-LPR25,ADQ. DE ART. DE LIBRERÍA PARA LAS UNIDADES DEPENDIENTES DE LA AGR AA EJ 601 - EC (4TO TRIM 2025).,Licitación Privada,21/10/2025 08:00 Hrs.,Publicado,1026
84/28-1610-LPR25,ADQ DE ELEMENTOS DE LIMPIEZA PARA LAS UNIDADES DEPENDIENTES DE LA AGR AA EJ 601 - EC (4TO TRIM 2025),Licitación Privada,21/10/2025 09:00 Hrs.,Publicado,1026
84/28-1611-LPR25,ADQUISICIÓN DE ARTICULOS DE BAZAR Y MENAJE PARA LA JEF AGR AA EJ 601 - EC (4TO TRIM 2025).,Licitación Privada,21/10/2025 10:00 Hrs.,Publicado,1026
38/6-1383-LPR25,ADQUISICION DE MATERIALES DE ELECTRICIDAD PARA EL HOSPITAL NAVAL USHUAIA,Licitación Privada,21/10/2025 09:00 Hrs.,Publicado,1116
18-0006-CDI25,SEGURO RESPONSABILIDAD CIVIL AUTOMOTORES - INAES,Contratación Directa,17/10/2025 12:00 Hrs.,Publicado,735
38/6-1386-LPR25,SERVICIO DE REPARACION INTEGRAL DE LA CASA N° 16 DEL COMANDO DEL AREA NAVAL AUSTRAL,Licitación Privada,27/10/2025 09:00 Hrs.,Publicado,1116
436-0003-CDI25,Contratación de UN servicio de soporte y mantenimiento para el Sistema SARHA,Contratación Directa,27/10/2025 11:00 Hrs.,Publicado,1968
84/28-1612-LPR25,"ADQ. DE ART. DE FERRETERÍA, PINTURA, MAT. ELÉCTRICOS Y DE CONSTRUCCIÓN (4TO TRIM 2025).",Licitación Privada,21/10/2025 11:00 Hrs.,Publicado,1026
84/13-0933-LPU25,"AST PARA LA PROV DE INSUM, SIEM, COND, Y COSECH P/ PROD DE CHOCLO, AJO Y TOMATE, EN 46,6 HAS - ECLA.",Licitación Pública,21/10/2025 09:00 Hrs.,Publicado,1008
38/15-0375-LPU25,Adquisición de frutas y verduras 4° trimestre para los destinos con asiento en la IBBA.,Licitación Pública,20/10/2025 10:00 Hrs.,Publicado,1300
74/4-0491-LPR25,ADQUISICIÓN ELEMENTOS INVENTARIABLES PARQUE NACIONAL LOS ALERCES,Licitación Privada,15/10/2025 10:00 Hrs.,Publicado,1056
38/15-0377-LPU25,"Adquisición de cortes cárnicos, filet de merluza, pollo y huevo fresco 4° trimestre para IBBA.",Licitación Pública,27/10/2025 10:00 Hrs.,Publicado,1300
84/140-0935-LPU25,SERVICIO DE MANT.Y REPAR. DE CÁMARAS FRIGORÍFICAS  – ACTIVIDADES OPERACIONALES – RI MTE 28,Licitación Pública,17/10/2025 09:00 Hrs.,Publicado,1014
84/13-1613-LPR25,"AST PARA LA PROV DE INSUM, SIEM, COND, Y COSECH P/ PROD DE CHOCLO, AJO Y TOMATE, EN 12,8 HAS - ECLA.",Licitación Privada,23/10/2025 09:00 Hrs.,Publicado,1008
74/15-0495-LPR25,ADQUISICION DE CALZADOS PARA EL PERSONAL DE PNSQ,Licitación Privada,17/10/2025 08:00 Hrs.,Publicado,954
74/42-0496-LPR25,Mantenimiento y reparación de motores fuera de borda del PNCT,Licitación Privada,24/10/2025 13:00 Hrs.,Publicado,1060
84/24-0036-CDI25,CONTRATAR SERVICIO PARA LA RECOLECCION DE RESIDUOS EN EL COLEGIO MILITAR DE LA NACIÓN.,Contratación Directa,16/10/2025 08:00 Hrs.,Publicado,940
38/15-0378-LPU25,"Adquirir víveres secos, condimentos, dulces y conservas 4° trimestre para destinos de la IBBA",Licitación Pública,27/10/2025 10:00 Hrs.,Publicado,1300
38/15-0379-LPU25,Adquirir lácteos y panificados 4° trimestre para los destinos con asiento en la IBBA,Licitación Pública,27/10/2025 10:00 Hrs.,Publicado,1300
84/36-1614-LPR25,ADQUISICIÓN DE CALDERAS PARA LA RESIDENCIA QUINCHAHUALA Y COMPLEJO CABAÑAS - 4TO TRIM - EC MIL M,Licitación Privada,15/10/2025 10:00 Hrs.,Publicado,1034
84/74-1616-LPR25,READECUACIÓN DEL TECHO DE LA SASTRERÍA MILITAR - CASA CENTRAL,Licitación Privada,15/10/2025 10:00 Hrs.,Publicado,1041
80-0046-CDI25,Servicio de Verificación Externa de IVD (BIRF 9547-AR),Contratación Directa,20/10/2025 10:00 Hrs.,Publicado,658
84/147-1617-LPR25,REMOCIÓN / EXTRACCIÓN DE ESPECIES EXÓTICAS NO NATIVAS (PINO TAEDA EN PIE) A CAMBIO DE MATERIALES.,Licitación Privada,17/10/2025 08:00 Hrs.,Publicado,1793
32-0010-LPR25,Adquisición de materiales de ferretería para diversas dependencias de este Ministerio,Licitación Privada,27/10/2025 10:00 Hrs.,Publicado,600
38/19-0380-LPU25,ADQUISICIÓN DE EQUIPAMIENTO E INFRAESTRUCUTRA TECNOLÓGICA PARA LA DGED,Licitación Pública,29/10/2025 07:00 Hrs.,Publicado,1088
35-0027-LPR25,"Provisión de los servicios de Hosting, Conectividad y Correo electrónico para el MD",Licitación Privada,17/10/2025 14:00 Hrs.,Publicado,648
38/1-0381-LPU25,"Servicios de apertura de tapas, limpieza, preparación de superficie y pintado de tanques.",Licitación Pública,17/10/2025 09:30 Hrs.,Publicado,978
46/7-0409-CDI25,"Mantenimiento Anual, recarga y adquisición de soportes para extintores portátiles - DNV 7° Distrito",Contratación Directa,15/10/2025 10:30 Hrs.,Publicado,760
37/106-0182-LPR25,ADQUISICION DE ARTICULOS DE LIMPIEZA E HIGIENE PARA DINACRIMIN,Licitación Privada,24/10/2025 11:00 Hrs.,Publicado,1227
55-0045-CDI25,PROVISIÓN E INSTALACIÓN DE CERRAMIENTO DE REJAS EN LA DELEGACIÓN CUYO DEL ENARGAS,Contratación Directa,15/10/2025 11:00 Hrs.,Publicado,1266
74/29-0501-LPR25,ADQUISICION DE BINOCULARES PARA EL PARQUE NACIONAL LAGUNA BLANCA,Licitación Privada,16/10/2025 09:00 Hrs.,Publicado,1123
74/31-0502-LPR25,“Adquisicion Impresoras e insumos informáticos para del Parque Nacional Lihué Calel”,Licitación Privada,17/10/2025 09:00 Hrs.,Publicado,1124
46/14-0411-CDI25,Adquisición de aditivo para elaborar mezclas para bacheo  en frío para DNV 14° Distrito San Luis,Contratación Directa,23/10/2025 14:00 Hrs.,Publicado,767
95-0010-CDI25,ADQUISICION DE ELEMENTOS DE SEGURIDAD Y EQUIPOS DE MEDICIÓN PARA LAS DISTINTAS SEDES  DE LA SENNAYF,Contratación Directa,31/10/2025 12:00 Hrs.,Publicado,632
74/42-0504-LPR25,Adquisición de insumos de oficina para el PNCT,Licitación Privada,21/10/2025 10:00 Hrs.,Publicado,1060
74/42-0505-LPR25,Adquisición de sillas de oficina para el PNCT,Licitación Privada,27/10/2025 10:00 Hrs.,Publicado,1060
46/18-0412-CDI25,SERVICIO DE CALIBRACIÓN DE LOS EQUIPOS DE LABORATORIO DEL 18° DISTRITO - CHACO,Contratación Directa,17/10/2025 09:00 Hrs.,Publicado,771
38/19-0382-LPU25,SERVICIO DE REPARACIÓN DE TECHOS CUBIERTAS Y ALEROS BARRIO STELLA MARIS - JEMI,Licitación Pública,17/10/2025 07:00 Hrs.,Publicado,1088
74/15-0509-LPR25,ADQUISICION DE ELEMENTOS DE PROTECCION PERSONAL,Licitación Privada,23/10/2025 08:00 Hrs.,Publicado,954
494-0008-CDI25,"Adquisición material plástico, descartable, artículos desinfectantes y otros insumos - BNDG",Contratación Directa,29/10/2025 12:00 Hrs.,Publicado,1431
84/3-1623-LPR25,ADQUISICION DE VIVERES ESPECIALES PARA EL HMCC - 4TO TRIMESTRE 2025,Licitación Privada,17/10/2025 08:00 Hrs.,Publicado,999
84/3-1624-LPR25,ADQUISICIÓN DE MEDICAMENTOS PARA EL HMCC – 4TO TRIMESTRE 2025,Licitación Privada,17/10/2025 09:00 Hrs.,Publicado,999
84/3-1625-LPR25,CONTRATACION DEL SERVICIO DE RECARGA DE OXIGENO MEDICINAL PARA EL HMCC.,Licitación Privada,17/10/2025 10:00 Hrs.,Publicado,999
46/2-0060-LPR25,ADQUISICIÓN ELEMENTOS DE SEÑALIZACIÓN TRANSITORIA PARA OPERATIVOS EN 2°DTO-CORDOBA-DNV,Licitación Privada,21/10/2025 12:00 Hrs.,Publicado,1478
84/37-1626-LPR25,SERVICIO DE MANTENIMIENTO DEL EQUIPO ARCO EN C 2DO LLAMADO,Licitación Privada,16/10/2025 08:00 Hrs.,Publicado,1035
368-0005-LPU25,Refuerzo de parque microinformático UIF (PC),Licitación Pública,29/10/2025 12:00 Hrs.,Publicado,692
38/4-1395-LPR25,ADQUISICIÓN DE ROPA CAMA Y DE ABRIGO PARA EL AVISO A.R.A. “BAHIA AGRADABLE”,Licitación Privada,29/10/2025 10:00 Hrs.,Publicado,1089
46/14-0414-CDI25,SERVICIO DE CALIBRACIÓN Y CERTIFICACIÓN DE EQUIPOS DE LABORATORIO DEL 14° DISTRITO SAN LUIS.,Contratación Directa,17/10/2025 14:00 Hrs.,Publicado,767
40/21-0745-CDI25,MANT. REP. Y LIMPIEZA DE AIRE ACONDICIONADOS (G5C) - 4to TRIMESTRE - OCA.,Contratación Directa,15/10/2025 09:00 Hrs.,Publicado,855
40/24-0746-CDI25,Materiales de Construcción para Barrio Aeronáutico Comodoro Rivadavia,Contratación Directa,16/10/2025 10:00 Hrs.,Publicado,860
38/6-1398-LPR25,ADQUISICION DE ELEMENTOS DE FERRETERIA PARA EL HOSPITAL NAVAL USHUAIA,Licitación Privada,21/10/2025 10:00 Hrs.,Publicado,1116
21-0038-LPR25,SERVICIO DE PUESTA A PUNTO Y MANTENIMIENTO DE AIRES ACONDICIONADOS DELEGACIÓN LA PLATA DNM,Licitación Privada,29/10/2025 12:00 Hrs.,Publicado,698
40/28-0547-LPR25,SERVICIO DE REPARACION DE EQUIPAMIENTO MEDICO Y EQUIPO RADIOLOGICO,Licitación Privada,22/10/2025 12:00 Hrs.,Publicado,866
74/1-0512-LPR25,Adquisición de artículos de ferreteria y afines del PNNH,Licitación Privada,17/10/2025 12:00 Hrs.,Publicado,1282
97-0006-LPU25,REFUNCIONALIZACION EN PABELLÓN 4 PARA FORMULACIONES ESTÉRILES PELIGROSAS,Licitación Pública,31/10/2025 10:00 Hrs.,Publicado,1312
37/98-0183-LPR25,ADQUISICIÓN DEL SERVICIO DE MANTENIMIENTO Y REPARACION DE VEHICULOS,Licitación Privada,22/10/2025 11:00 Hrs.,Publicado,1221
47-0007-CPU25,Mantenimiento preventivo y correctivo rubros varios Buques de Investigación Pesquera del INIDEP,Concurso Público,17/10/2025 10:00 Hrs.,Publicado,900
47-0105-CDI25,Adquisición insumos laboratorio para el Programa Pesquería de Peces Pelágicos,Contratación Directa,17/10/2025 10:00 Hrs.,Publicado,900
84/18-0938-LPU25,MANTENIMIENTO Y REPARACIÓN DE EQUIPOS EN EL ÁMBITO DE LA VIta BRIGADA DE MONTAÑA,Licitación Pública,21/10/2025 08:00 Hrs.,Publicado,1020
84/3-1629-LPR25,ADQUISICION DE ELEMENTOS DE LIBRERIA  P/  LA BAL CC Y  EL B COM 121- 4TO TRIMESTRE 2025,Licitación Privada,21/10/2025 08:00 Hrs.,Publicado,999
84/3-1630-LPR25,ADQUISICION DE ELEMENTOS DE LIMPIEZA PARA EL B COM 121 - 4TO TRIM 2025,Licitación Privada,17/10/2025 11:00 Hrs.,Publicado,999
84/3-1631-LPR25,ADQUISICIÓN DE GAS LICUADO PARA EL B COM 121 - 4TO TRIMESTRE 2025,Licitación Privada,20/10/2025 08:00 Hrs.,Publicado,999
84/3-1633-LPR25,ADQUISICION DE BIDONES DE AGUA PARA LA BAL CC Y EL HMCC - 4TO TRIM 2025,Licitación Privada,20/10/2025 09:00 Hrs.,Publicado,999
84/3-1634-LPR25,ALQUILER DE FOTOCOPIADORAS PARA LA BAL CC POR EL PERÍODO DE SEIS (6) MESES,Licitación Privada,21/10/2025 09:00 Hrs.,Publicado,999
40/21-0752-CDI25,SERVICIO DE CARPINTERIA (ESC. SANIDAD) - 4to TRIMESTRE - OCA.,Contratación Directa,15/10/2025 09:00 Hrs.,Publicado,855
84/147-1635-LPR25,REMOCIÓN / EXTRACCIÓN DE ESPECIES EXÓTICAS NO NATIVAS (PINO TAEDA EN PIE) Mat. Mant. Techos.,Licitación Privada,17/10/2025 08:30 Hrs.,Publicado,1793
47-0107-CDI25,Segundo llamado reparación completa chapa y pintura MERCEDES BENZ SPRINTERS de propiedad del INIDEP,Contratación Directa,15/10/2025 10:00 Hrs.,Publicado,900
88-0027-CDI25,Seguro Colectivo Mala Praxis Residentes.,Contratación Directa,15/10/2025 10:00 Hrs.,Publicado,959
84/99-1637-LPR25,SERVICIO DE RECARGA Y MANTENIMIENTO DE MATAFUEGOS,Licitación Privada,21/10/2025 08:00 Hrs.,Publicado,1046
84/17-1638-LPR25,ADQUISICIÓN DE REPUESTOS Y ACCESORIOS PARA VEHÍCULOS,Licitación Privada,17/10/2025 08:00 Hrs.,Publicado,1019
40/21-0754-CDI25,REPARACION DE VEHICULOS - 4to TRIMESTRE - OCA.,Contratación Directa,23/10/2025 09:00 Hrs.,Publicado,855
38/6-1404-LPR25,SERVICIO DE MANTENIMIENTO Y/O REPARACION DE SISTEMAS DE CALEFACCION CENTRAL DE LA BARD,Licitación Privada,15/10/2025 09:00 Hrs.,Publicado,1116
47-0108-CDI25,Segundo llamado recorrido equipo lanza guía Buque de Investigación Pesquera DR. EDUARDO L. HOLMBERG,Contratación Directa,15/10/2025 11:00 Hrs.,Publicado,900
16-0029-LPR25,PROVISIÓN SEMESTRAL DE OXÍGENO,Licitación Privada,20/10/2025 14:00 Hrs.,Publicado,676
74/29-0517-LPR25,ADQUISICION DE ELEMENTOS DE LIMPIEZA PARA EL PARQUE NACIONAL LAGUNA BLANCA,Licitación Privada,22/10/2025 09:00 Hrs.,Publicado,1123
74/3-0518-LPR25,Servicio de limpieza Centros de Informes Huchulafquen y Pto Canoa x 12 meses  - PN Lanín,Licitación Privada,16/10/2025 12:00 Hrs.,Publicado,1250
47-0018-LPR25,Segundo llamado contratación servicio de mantenimiento de las grúas PALFINGER de los BIPS del INIDEP,Licitación Privada,22/10/2025 10:00 Hrs.,Publicado,900
84/129-0939-LPU25,"""ADQUISICION DE MATERIALES EXPLOSIVOS - AÑO 2025""",Licitación Pública,22/10/2025 09:00 Hrs.,Publicado,1007
74/2-0520-LPR25,ADQUISICIÓN DE CUBIERTAS,Licitación Privada,16/10/2025 10:00 Hrs.,Publicado,1320
16-0026-CDI25,Retiro de Alfombra y puesta en valor de locales,Contratación Directa,23/10/2025 10:00 Hrs.,Publicado,676
38/15-1410-LPR25,Contratar un servicio de Despachante de Aduana que permita afrontar costos logísticos,Licitación Privada,15/10/2025 10:00 Hrs.,Publicado,1300
84/3-1644-LPR25,ADQUISICION DE ELEMENTOS DE FERRETERIA P/ LA BAL CC Y EL B COM 121- 4TO TRIMESTRE 2025,Licitación Privada,20/10/2025 10:00 Hrs.,Publicado,999
40/47-0757-CDI25,Servicio de Internet para la ESFAC,Contratación Directa,20/10/2025 10:00 Hrs.,Publicado,887
68-0146-CDI25,Servicio de Actualización Mantenimiento Software LOYAL 5- INEIA,Contratación Directa,17/10/2025 11:30 Hrs.,Publicado,963
74/4-0521-LPR25,ADQUISICIÓN NEUMATICOS PARA MOVILES OFICIALS PARQUE NACIONAL LOS ALERCES,Licitación Privada,21/10/2025 10:00 Hrs.,Publicado,1056
39-0037-LPU25,ADQUISICIÓN DE REPUESTOS Y AUTOPARTES PARA UNIDADES MARCA VOLKSWAGEN DEL PARQUE AUTOMOTOR.,Licitación Pública,23/10/2025 10:00 Hrs.,Publicado,1082
40/24-0760-CDI25,Servicio de Internet – IXBA,Contratación Directa,17/10/2025 09:00 Hrs.,Publicado,860
40/24-0761-CDI25,Adquisición de víveres frescos y secos – G2,Contratación Directa,17/10/2025 09:15 Hrs.,Publicado,860
96-0066-LPR25,LASER QUIRURGICO PARA BRONCOSCOPIA.,Licitación Privada,20/10/2025 13:00 Hrs.,Publicado,715
74/2-0523-LPR25,REPARACIÓN CERCO PERIMETRAL,Licitación Privada,22/10/2025 10:00 Hrs.,Publicado,1320
84/3-1645-LPR25,ADQUISICIÓN DE NEUMATICOS PARA LA BAL CC - 4TO TRIMESTRE 2025,Licitación Privada,21/10/2025 10:00 Hrs.,Publicado,999
68-0147-CDI25,Servicio de inspección y ensayos de Aparatos Sometidos a Presión (ASP) - INP y CENDIE,Contratación Directa,20/10/2025 12:00 Hrs.,Publicado,963
74/3-0524-LPR25,Contratación del servicio de limpieza Centro de Informes Tromen x 12 meses Parque Nacional Lanín,Licitación Privada,24/10/2025 12:00 Hrs.,Publicado,1250
38/37-0146-CDI25,ADQUISICION DE REACTIVOS DE HEMATOLOGIA - PARA CONTADOR HEMATOLOGICO MINDRAY BC-5390,Contratación Directa,15/10/2025 08:30 Hrs.,Publicado,997
46/20-0062-LPR25,ADQUISICION DE ARTEFACTOS LED PARA LUMINARIA.,Licitación Privada,21/10/2025 10:30 Hrs.,Publicado,773
84/77-1647-LPR25,ADQUISICIÓN DE PINTURAS Y ARTICULOS AFINES PARA ORGANISMOS DEL EMGE - 4TO TRIM,Licitación Privada,27/10/2025 09:00 Hrs.,Publicado,1042
40/30-0160-LPU25,Adquisicion de elementos informaticos,Licitación Pública,21/10/2025 09:00 Hrs.,Publicado,868
39-0038-LPU25,ADQUISICIÓN DE PRESURÓMETROS PARA EL ÁREA DE CARDIOLOGÍA  DEL DEPARTAMENTO SANIDAD.,Licitación Pública,23/10/2025 10:30 Hrs.,Publicado,1082
74/4-0525-LPR25,SERVICIO SEGURO CONTRA INCENDIO HOSTERIA FUTALAUFQUEN Y EDIFICIOS OFICIALES P.N.LOS ALERCES,Licitación Privada,21/10/2025 11:00 Hrs.,Publicado,1056
84/89-1649-LPR25,Contratación de servicio de fumigación y desinsectación en salas históricas de la ESG,Licitación Privada,21/10/2025 09:00 Hrs.,Publicado,1045
84/89-1651-LPR25,Contratación del servicio de desarrollo de software para la DEADIA.,Licitación Privada,28/10/2025 09:00 Hrs.,Publicado,1045
14/2-0304-CDI25,REPUESTOS PARA CARGADOR DE BATERÍAS,Contratación Directa,21/10/2025 10:00 Hrs.,Publicado,967
74/31-0528-LPR25,Servicio técnico para certificación y homologación de caja volcadora de camión FORD 4000 del Parque,Licitación Privada,16/10/2025 09:00 Hrs.,Publicado,1124
35-0006-LPU25,Servicio de Limpieza del Ministerio de Defensa y Dependencias,Licitación Pública,23/10/2025 12:00 Hrs.,Publicado,648
84/89-1654-LPR25,Contratación de licencias de software,Licitación Privada,24/10/2025 09:00 Hrs.,Publicado,1045
40/22-0767-CDI25,ADQUISICIÓN DE ELEMENTOS DE BAZAR Y MENAJE,Contratación Directa,15/10/2025 10:00 Hrs.,Publicado,858
74/28-0529-LPR25,SERVICIO DE LIMPIEZA Y DESMALEZADOS DE LOS CENTROS OPERATIVOS DEL PARQUE NACIONAL RÍO PILCOMAYO.,Licitación Privada,15/10/2025 13:00 Hrs.,Publicado,961
40/47-0552-LPR25,“Adquisición de Elementos de Pintura para  la ESCUELA DE AVIACIÓN MILITAR”,Licitación Privada,22/10/2025 10:00 Hrs.,Publicado,887
40/37-0771-CDI25,MATERIALES PARA ALUMBRADO PUBLICO,Contratación Directa,17/10/2025 08:30 Hrs.,Publicado,875
16-0027-CDI25,ACTUALIZACIÓN DEL SISTEMA BEJERMAN E-FLEXWARE,Contratación Directa,21/10/2025 14:00 Hrs.,Publicado,676
40/52-0162-LPU25,Servicio de limpieza para el CENTRO REGIONAL UNIVERSITARIO CÓRDOBA-IUA,Licitación Pública,24/10/2025 10:00 Hrs.,Publicado,1308
84/13-1656-LPR25,ADQUISICIÓN DE ALAMBRADO - ETGC,Licitación Privada,17/10/2025 09:00 Hrs.,Publicado,1008
74/1-0530-LPR25,Provisión de bidones de agua potable envasada para el PNNH,Licitación Privada,16/10/2025 12:00 Hrs.,Publicado,1282
84/89-1658-LPR25,Adquisición de pinturas y efectos afines (FE y DGE),Licitación Privada,27/10/2025 09:00 Hrs.,Publicado,1045
46/17-0419-CDI25,"Servicios de recolección, transporte y tratamiento de Residuos Peligrosos para el 17° DISTRITO E.R",Contratación Directa,16/10/2025 12:00 Hrs.,Publicado,770
38/6-1417-LPR25,ADQUISICION DE UNA LAVADORA AUTOMATICA PARA EL HOSPITAL NAVAL USHUAIA,Licitación Privada,20/10/2025 09:00 Hrs.,Publicado,1116
84/13-1661-LPR25,ADQUISICION INSUMOS DIAGNOSTICO BRUCELOSIS BOVINA,Licitación Privada,23/10/2025 12:00 Hrs.,Publicado,1008
84/40-1663-LPR25,"Adquirir servicio de talabarteria, mantenimiento de 2do nivel - 2do llamado",Licitación Privada,15/10/2025 07:00 Hrs.,Publicado,1037
46/4-0420-CDI25,Adquisición de repuesto para camión Volvo leg 1-VN-07 para la Dirección Nacional de Vialidad,Contratación Directa,15/10/2025 12:00 Hrs.,Publicado,757
40/19-0774-CDI25,ADQUISICION BIDONES DE AGUA VACIOS,Contratación Directa,16/10/2025 09:00 Hrs.,Publicado,851
84/89-1667-LPR25,Contratación de mantenimiento y reparación de equipos de computación,Licitación Privada,24/10/2025 09:00 Hrs.,Publicado,1045
84/32-1669-LPR25,ADQUISICIÓN DE ARTICULOS DE PROTOCOLO Y CEREMONIAL,Licitación Privada,20/10/2025 08:00 Hrs.,Publicado,1030
55-0046-CDI25,ADQUISICIÓN DE INDUMENTARIA DE TRABAJO Y ELEMENTOS DE PROTECCIÓN PARA EL PERSONAL DEL ENARGAS,Contratación Directa,23/10/2025 11:00 Hrs.,Publicado,1266
84/35-1670-LPR25,Adquirir insumos de impresora para el Instituto Social Militar Dr Damaso Centeno,Licitación Privada,23/10/2025 07:30 Hrs.,Publicado,1033
84/32-1671-LPR25,ADQUISICIÓN DE ELEMENTOS DE LIBRERIA,Licitación Privada,16/10/2025 08:00 Hrs.,Publicado,1030
74/4-0532-LPR25,SOLICITUD ADQUISICIÓN DE ROPA DE FAJINA Y CALZADO PARQUE NACIONAL LOS ALERCES,Licitación Privada,23/10/2025 10:00 Hrs.,Publicado,1056
74/28-0533-LPR25,ADQUISICIÓN DE INSUMOS DE PRIMEROS AUXILIOS PARA EL PARQUE NACIONAL RÍO PILCOMAYO,Licitación Privada,16/10/2025 13:00 Hrs.,Publicado,961
84/13-1672-LPR25,PERMUTA DE TONELADAS DE TRIGO POR ALAMBRADO EN EL ESTABLECIMIENTO CORONEL PRINGLES,Licitación Privada,23/10/2025 11:00 Hrs.,Publicado,1008
84/77-1675-LPR25,ADQUISICIÓN DE ELEMENTOS DE LIBRERÍA Y AFINES PARA ORGANISMOS DEPENDIENTES DEL EMGE,Licitación Privada,24/10/2025 11:00 Hrs.,Publicado,1042
84/13-1679-LPR25,AST PARA LA TALA RASA DE EUCALIPTO POR SERVICIO DE ALAMBRADO INSTALADO EN EL EGA.-,Licitación Privada,23/10/2025 10:00 Hrs.,Publicado,1008
46/21-0064-LPR25,Servicio de Mantenimiento con Motoniveladora para las Rutas Nacionales Nº 232 y Nº 143.,Licitación Privada,17/10/2025 12:00 Hrs.,Publicado,774
84/77-1680-LPR25,ADQUISICIÓN DE TELEFONOS CELULARES PARA LA RENOVACION DE LA RED GUARNICIONAL MOVIL DEL EA,Licitación Privada,24/10/2025 08:00 Hrs.,Publicado,1042
84/89-1681-LPR25,CONTRATACION DE SERVICIOS DE CEREMONIAL,Licitación Privada,24/10/2025 10:00 Hrs.,Publicado,1045
74/41-0534-LPR25,ADQUISICION DE CUBIERTAS PARA VEHICULOS DE LA RN PIZARR0,Licitación Privada,21/10/2025 09:00 Hrs.,Publicado,1118
74/41-0535-LPR25,ADQUISICION DE UNA HIDROLAVADORA Y UN COMPRESOR PARA EL TALLER DE LA RNP.,Licitación Privada,21/10/2025 16:00 Hrs.,Publicado,1118
74/41-0536-LPR25,ADQUISICION DE AGUA MINERAL PARA LA INTENDENCIA DE LA RN PIZARRO.,Licitación Privada,21/10/2025 12:00 Hrs.,Publicado,1118
69-0003-LPU25,Medicamentos y descartables Segundo semestre 2025,Licitación Pública,21/10/2025 12:00 Hrs.,Publicado,969
84/7-0037-CDI25,CONTRATAR SERVICIO DE DOCUMENTACION TECNICA AERONÁUTICA CASA 212,Contratación Directa,29/10/2025 09:00 Hrs.,Publicado,941
69-0033-CDI25,ADQUISICIÓN TELEFONIA IP.,Contratación Directa,15/10/2025 12:00 Hrs.,Publicado,969
30-0022-LPU25,Adquisición de ELEMENTOS QUE COMPONEN LOS UNIFORMES DE CADETES,Licitación Pública,04/11/2025 10:30 Hrs.,Publicado,1264
84/29-1684-LPR25,SERVICIO CHÁRTER PARA VIAJE DE ESTUDIO,Licitación Privada,15/10/2025 08:00 Hrs.,Publicado,1027
74/19-0537-LPR25,ADQUISICIÓN DE EQUIPOS E INSUMOS PARA EL ÁREA DE CONSERVACIÓN Y USO PÚBLICO DEL PN EL LEONCITO,Licitación Privada,21/10/2025 10:00 Hrs.,Publicado,1058
74/31-0538-LPR25,“Reparación de tractor Massey Ferguson 4283 Modelo 2018 del PN Lihue Calel”,Licitación Privada,15/10/2025 09:00 Hrs.,Publicado,1124
74/31-0540-LPR25,"Construcción e instalación de cerramiento premoldeado de lote de General Acha, La Pampa",Licitación Privada,17/10/2025 09:00 Hrs.,Publicado,1124
74/31-0541-LPR25,Mobiliario de oficina PN Lihué Calel,Licitación Privada,17/10/2025 09:00 Hrs.,Publicado,1124
40/47-0780-CDI25,Adquisición de Compuestos Quimicos para el Grupo Técnico de la ESCUELA DE AVIACIÓN MILITAR,Contratación Directa,17/10/2025 10:00 Hrs.,Publicado,887
55-0047-CDI25,SERVICIO DE MANTENIMIENTO DE ASCENSORES Y PLATAFORMA TRANSPORTADORA,Contratación Directa,20/11/2025 11:00 Hrs.,Publicado,1266
84/71-0953-LPU25,SERVICIO DE READECUACIÓN DEL TABLERO ELÉCTRICO CENTRAL DEL INSTITUTO 2do LLAMADO,Licitación Pública,23/10/2025 09:00 Hrs.,Publicado,1040
84/77-1687-LPR25,SISTEMA INTEGRADO DE VIGILANCIA CON VEHÍCULOS AÉREOS NO TRIPULADOS (VANT) LIGERO DE ALA FIJA TÁCTICO,Licitación Privada,24/10/2025 09:00 Hrs.,Publicado,1042
84/21-1688-LPR25,ADQUISICIÓN DE ELEMENTOS PARA REFACCIÓN DE OFICINAS HM RG RAE 4TO 2025,Licitación Privada,16/10/2025 08:00 Hrs.,Publicado,1023
74/3-0543-LPR25,Adquisición de bienes de corralón y ferretería para mantenimiento de edificios del PN Lanín,Licitación Privada,15/10/2025 12:00 Hrs.,Publicado,1250
84/21-1689-LPR25,ADQUISICIÓN DE ELEMENTOS DE LIBRERÍA E INSUMOS DE COMPUTACIÓN 4TO TRIMESTRE 2025 (HMRG RAE),Licitación Privada,16/10/2025 08:00 Hrs.,Publicado,1023
74/33-0544-LPR25,ADQUISICION DE VARIAS HERRAMIENTAS HELECTRICAS Y UNA MOTORSIERRA PARA EL PN BOSQUES PETRIFICADOS,Licitación Privada,27/10/2025 10:00 Hrs.,Publicado,991
84/21-1690-LPR25,ADQUISICIÓN DE SERVICIOS DE PRUEBA HIDRÁULICA Y  RECARGA DE MATAFUEGOS Y GASES HM RG RAE 4TO TRIM 25,Licitación Privada,16/10/2025 08:00 Hrs.,Publicado,1023
46/20-0422-CDI25,Adquisición de bomba hidráulica Legajo 2-AP-1-XMG,Contratación Directa,16/10/2025 10:30 Hrs.,Publicado,773
40/21-0784-CDI25,MANT. Y PRUEBA HIDRAULICA DE EXTINTORES 4° TRIM. OCA,Contratación Directa,22/10/2025 09:00 Hrs.,Publicado,855
84/21-1692-LPR25,ADQUISICIÓN DE SERVICIO DE REPARACIÓN DE COMPRESOR PARA EL HM RG RAE 4TO TRIM 2025,Licitación Privada,16/10/2025 08:00 Hrs.,Publicado,1023
68-0150-CDI25,"ADQUISICION DE REPUESTO PARA REPARACION DE PLETISMOGRAFO CON DESTINO AL INER ""DR. EMILIO CONI""",Contratación Directa,17/10/2025 12:00 Hrs.,Publicado,963
84/77-1693-LPR25,"ADQUISICIÓN DE LICENCIAS DE SOFTWARE ""EDR"" PARA EL EJERCITO ARGENTINO",Licitación Privada,24/10/2025 10:00 Hrs.,Publicado,1042
40/51-0787-CDI25,Adquisición de Pastas para el HOSPITAL AERONÁUTICO CÓRDOBA,Contratación Directa,17/10/2025 10:00 Hrs.,Publicado,982
84/21-1696-LPR25,ADQUISICIÓN DE PRODUCTOS DE LIMPIEZA PARA EL HM RG RAE 4TO TRIM 25,Licitación Privada,16/10/2025 08:00 Hrs.,Publicado,1023
38/4-1427-LPR25,SERVICIO DE MANTENIMIENTO Y RECARGA DE MATAFUEGOS PARA LAS UNIDADES DEPENDIENTES DE LA DVPM,Licitación Privada,21/10/2025 10:00 Hrs.,Publicado,1089
68-0151-CDI25,LIMPIEZA Y DESINFECCIÓN DE TANQUES DE AGUA -ANLIS-,Contratación Directa,22/10/2025 11:00 Hrs.,Publicado,963
66-0038-CDI25,Servicio de Portal La Ley Next - Sistema de Información Legal online,Contratación Directa,24/10/2025 12:00 Hrs.,Publicado,1281
74/1-0545-LPR25,Adquisición de repuestos y accesorios para sistema de riego y macetas para los viveros del PNNH,Licitación Privada,21/10/2025 12:00 Hrs.,Publicado,1282
999-0011-LPU25,AM - Servicio de Telefonía Celular Móvil y Transferencia de Datos,Licitación Pública,23/10/2025 15:00 Hrs.,Publicado,585
74/42-0547-LPR25,Adquisición equipo Desfibrilador portátil e insumos para DEA,Licitación Privada,31/10/2025 10:00 Hrs.,Publicado,1060
38/12-1430-LPR25,ADQUISICIÓN DE ELEMENTOS DE LIMPIEZA PARA TODAS LAS UNIDADES DEPENDIENTES DEL COFM / ARA,Licitación Privada,28/10/2025 08:00 Hrs.,Publicado,951
38/8-1431-LPR25,"SERVICIO DE MANTENIMIENTO, READECUACIÓN E INSTALACIÓN DE CIRCUITO CERRADO DE VIDEO VIGILANCIA",Licitación Privada,24/10/2025 10:00 Hrs.,Publicado,1108
74/42-0549-LPR25,Artículos de limpieza para el PN Campos del Tuyú,Licitación Privada,27/10/2025 10:00 Hrs.,Publicado,1060
74/42-0550-LPR25,Adquisición de elementos de seguridad para el personal del PNCT,Licitación Privada,03/11/2025 10:00 Hrs.,Publicado,1060
74/50-0551-LPR25,ADQUISICIÓN DE MATERIALES PARA OBRAS Y PUESTA EN VALOR DEL CASCO HISTORICO DEL P.N TRASLASIERRA,Licitación Privada,21/10/2025 08:00 Hrs.,Publicado,1494
46/16-0425-CDI25,"Contratacion del servicio de reparacion de cubiertas, alineado y balanceo de movilidades varias.",Contratación Directa,21/10/2025 15:00 Hrs.,Publicado,769
84/21-1701-LPR25,ADQUISICIÓN DE INSUMOS MEDICOS HM RG RAE 4TO TRIM 2025,Licitación Privada,21/10/2025 08:00 Hrs.,Publicado,1023
84/32-1702-LPR25,CONTRATACIÓN DEL SERVICIO TRANSPORTE DE PERSONAS - LMGAL,Licitación Privada,21/10/2025 08:00 Hrs.,Publicado,1030
84/21-1703-LPR25,ADQUISICIÓN DE INSUMOS ODONTOLOGICOS HM RG RAE 4TO TRIM 2025,Licitación Privada,21/10/2025 08:00 Hrs.,Publicado,1023
84/48-1704-LPR25,SERVICIO DE MANT Y REPAR DEL SISTEMA DE SEGURIDAD 4TO TRIM 2025 – B ING 1,Licitación Privada,29/10/2025 08:00 Hrs.,Publicado,1039
74/35-0552-LPR25,"Adquisición de materiales para cartelería, y herramientas manuales para PN Copo.",Licitación Privada,27/10/2025 08:00 Hrs.,Publicado,1125
74/4-0019-CDI25,SERVICIO DE MANTENIMIENTO VEHICULAR PARQUE NACIONAL LOS ALERCES,Contratación Directa,17/10/2025 10:00 Hrs.,Publicado,1056
74/29-0554-LPR25,LLAMADO SERVICIO DE LIMPIEZA CENTRO DE INFORME DEL PARQUE NACIONAL LAGUNA BLANCA,Licitación Privada,22/10/2025 09:00 Hrs.,Publicado,1123
84/12-1707-LPR25,ADQUISICIÓN DE OBSEQUIOS DE PROTOCOLO Y CEREMONIAL,Licitación Privada,29/10/2025 11:00 Hrs.,Publicado,1005
46/17-0426-CDI25,Adquisición de cemento portland y cal para uso vial para el 17° DISTRITO ENTRE RIOS,Contratación Directa,21/10/2025 12:00 Hrs.,Publicado,770
84/48-1708-LPR25,ADQUISICIÓN DE ELEMENTOS DE FERRETERIA EN GENERAL – 4TO TRIM AÑO 2025,Licitación Privada,23/10/2025 08:00 Hrs.,Publicado,1039
38/22-0148-CDI25,Adquirir la membresía por Exclusividad de la ARMADA  ARGENTINA a la FEDERACIÓN ARGENTINA DE YACHTING,Contratación Directa,20/10/2025 10:00 Hrs.,Publicado,1111
74/42-0555-LPR25,Adquisición de indumentaria de trabajo para el personal del PN Campos del Tuyú,Licitación Privada,03/11/2025 10:00 Hrs.,Publicado,1060
40/37-0793-CDI25,adquisición de químicos y elementos para pileta,Contratación Directa,20/10/2025 08:30 Hrs.,Publicado,875
84/21-1715-LPR25,ADQUISICIÓN DE PRESENTES PROTOCOLARES PARA EL 4TO TRIM 2025,Licitación Privada,21/10/2025 08:00 Hrs.,Publicado,1023
40/47-0558-LPR25,Adquisición de Herramientas Menores para la EAM,Licitación Privada,22/10/2025 10:00 Hrs.,Publicado,887
84/77-0957-LPU25,ADQUISICIÓN DE MAGNETÓMETRO ATÓMICO DE CAMPO TOTAL PARA SISTEMA AÉREO NO TRIPULADO TIPO MULTIRROTOR,Licitación Pública,23/10/2025 08:00 Hrs.,Publicado,1042
74/29-0557-LPR25,LLAMADO SERVICIO DE LIMPIEZA SEDE ADMINISTRATIVA DEL PARQUE NACIONAL LAGUNA BLANCA,Licitación Privada,22/10/2025 09:30 Hrs.,Publicado,1123
74/52-0558-LPR25,ADQUISICIÓN DE KAYAKS DE TRAVESÍA Y ACCESORIOS PARA EL PF CAMPO SAN JUAN Y EL PN LAGUNA DEL PALMAR,Licitación Privada,15/10/2025 10:00 Hrs.,Publicado,1878
142/3-0027-LPU25,Actualización y modernización del sistema de Gestión Documental Electrónica (GDE),Licitación Pública,10/11/2025 15:00 Hrs.,Publicado,1954
84/121-0133-LPR25,ALQUILER DE VEHÍCULOS 4X4 - DE 7 CHUBUT NUEVO LLAMADO,Licitación Privada,16/10/2025 07:00 Hrs.,Publicado,1459
30-0018-CDI25,Locación de UN (1) inmueble sede de la División UNIDAD OPERATIVA FEDERAL SAN RAFAEL,Contratación Directa,06/11/2025 10:30 Hrs.,Publicado,1264
84/48-1720-LPR25,ADQUISICIÓN DE ELEMENTOS DE LIBRERIA – 4TO TRIM AÑO 2025,Licitación Privada,23/10/2025 08:00 Hrs.,Publicado,1039
74/32-0559-LPR25,ADQUISICION DE MATERIALES PARA SENDERO PINGUINERA DEL PN MONTE LEON,Licitación Privada,17/10/2025 12:00 Hrs.,Publicado,1093
84/48-1721-LPR25,ADQUISICIÓN DE ELEMENTOS DE LIMPIEZA – 4TO TRIM AÑO 2025,Licitación Privada,23/10/2025 08:00 Hrs.,Publicado,1039
74/13-0560-LPR25,Servicio de limpieza de edificio Intendencia,Licitación Privada,16/10/2025 12:00 Hrs.,Publicado,1326
38/6-1443-LPR25,ADQUISICION DE PERSIANAS ENROLLABLES PARA LA BASE AERONAVAL RIO GRANDE,Licitación Privada,20/10/2025 11:00 Hrs.,Publicado,1116
38/27-1444-LPR25,ADQUISICIÓN DEIMPRESORAS 3D Y ESCÁNER PARA LA COMPAÑÍA APOYO OPERATIVO (CKAO),Licitación Privada,20/10/2025 08:00 Hrs.,Publicado,1113
46/4-0431-CDI25,ADQUISICIÓN DE REPUESTO PARA CHEVROLET CORSA LEGAJO 1-C-05 PARA EL 4° DISTRITO DNV MENDOZA,Contratación Directa,17/10/2025 12:00 Hrs.,Publicado,757
74/50-0562-LPR25,ADQUISICION DE MATAFUEGOS PARA EL PARQUE NACIONAL TRASLASIERRA,Licitación Privada,23/10/2025 08:00 Hrs.,Publicado,1494
46/18-0433-CDI25,REPARACION DE EQUIPOS NEW HOLLAND B90 Y W110C,Contratación Directa,23/10/2025 09:00 Hrs.,Publicado,771
32-0005-CDI25,Auditoría Externa de Recertificación – IRAM-ISO 9001:2015,Contratación Directa,20/10/2025 10:00 Hrs.,Publicado,600
74/41-0565-LPR25,SERVICIO DE LIMPIEZA PARA LA OFICINA DE ORAN -RN PIZARRO,Licitación Privada,24/10/2025 12:00 Hrs.,Publicado,1118
74/41-0566-LPR25,SERVICIO DE LIMPIEZA PARA LA INTENDENCIA   DE LA RN PIZARRO-,Licitación Privada,24/10/2025 10:00 Hrs.,Publicado,1118
74/21-0568-LPR25,ADQUISICIÓN DE CUBIERTAS PARA FLOTA VEHICULAR DEL MONUMENTO NATURAL LAGUNA DE LOS POZUELOS.,Licitación Privada,20/10/2025 10:30 Hrs.,Publicado,1084
74/22-0570-LPR25,ADQUISICION DE NEUMATICOS PARA VEHICULOS OFICIALES DEL PN BARITU,Licitación Privada,20/10/2025 09:00 Hrs.,Publicado,1083
72-0058-CDI25,ADQUISICION DE CINTA MOTORIZADA PROFESIONAL,Contratación Directa,17/10/2025 10:00 Hrs.,Publicado,1050
74/19-0571-LPR25,REPARACIÓN Y MANTENIMIENTO DE RETROEXCAVADORA SANY BHL75 DEL PARQUE NACIONAL EL LEONCITO,Licitación Privada,17/10/2025 10:00 Hrs.,Publicado,1058
74/19-0572-LPR25,ADQUISICIÓN DE ARTÍCULOS DE LIMPIEZA PARA EL PN EL LEONCITO,Licitación Privada,20/10/2025 10:00 Hrs.,Publicado,1058
74/30-0573-LPR25,Adquisición de redes de pesca y trampas tipo nasa para el Parque Nacional Perito Moreno.,Licitación Privada,22/10/2025 08:00 Hrs.,Publicado,990
74/6-0575-LPR25,ADQUISICIÓN DE UN ACONDICIONADOR DE AIRE TIPO PISO/TECHO DE 12.000 FRIGORÍAS-,Licitación Privada,24/10/2025 09:30 Hrs.,Publicado,1096
38/27-1449-LPR25,ADQUIRIR INSUMOS PARA REPARACIÓN DEL ALAMBRADO PERIMETRAL DEL CUARTEL GIACHINO (AGRUIM),Licitación Privada,22/10/2025 08:00 Hrs.,Publicado,1113
38/1-1450-LPR25,Prestación del servicio de revisión y recarga de matafuegos de los distintos Departamentos del ARPB.,Licitación Privada,31/10/2025 09:30 Hrs.,Publicado,978
38/5-0408-LPU25,ADQUISICION DE REPUESTOS ELECTRONICOS PARA DPTO. ELECTRONICA,Licitación Pública,04/11/2025 09:00 Hrs.,Publicado,1115
74/5-0576-LPR25,ADQUISICION DE REPUESTOS DESTINADOS A VEHICILOS OFICIALES NISSAN FRONTIER DE PARQUE NACIONAL EL REY,Licitación Privada,24/10/2025 12:00 Hrs.,Publicado,1057
74/41-0578-LPR25,ADQUISICION DE  CALZADOS PARA EL PERSONAL DE LA RN PIZARRO.,Licitación Privada,27/10/2025 10:00 Hrs.,Publicado,1118
74/50-0579-LPR25,ADQUISICION DE EQUIPAMIENTO PARA EL TALLER DEL PARQUE NACIONAL TRASLASIERRA,Licitación Privada,27/10/2025 08:00 Hrs.,Publicado,1494
74/41-0580-LPR25,ADQUISICION DE ROPA DE TRABAJO PARA EL PERSONAL DE LA RN PIZARRO-,Licitación Privada,27/10/2025 12:00 Hrs.,Publicado,1118
49-0079-CDI25,REPARACIÓN DE VEHÍCULO OFICIAL DEL INV DOMINIO KQG-093,Contratación Directa,28/10/2025 12:00 Hrs.,Publicado,1048
74/27-0582-LPR25,Adquisición de equinos para el Parque Nacional Chaco.,Licitación Privada,24/10/2025 10:00 Hrs.,Publicado,1092
74/45-0583-LPR25,ADQUISICION DE ELEMENTOS DE PESCA PARA EL PN ISLAS DE SANTA FE,Licitación Privada,23/10/2025 08:00 Hrs.,Publicado,1095
74/28-0584-LPR25,SERVICIO DE REPARACIÓN Y MANTENIMIENTO DEL CAMIÓN FORD 4000 DEL PARQUE NACIONAL RÍO PILCOMAYO,Licitación Privada,24/10/2025 13:00 Hrs.,Publicado,961
74/38-0585-LPR25,ADQUISICION DE EMBARCACION NEUMATICA DESARMABLE (GOMON),Licitación Privada,21/10/2025 08:30 Hrs.,Publicado,977
74/44-0587-LPR25,ADQUISICIÓN DE PARCHES Y BATERÍA PARA DESFIBRILADOR DEL PARQUE NACIONAL EL IMPENETRABLE - 2º LLAMADO,Licitación Privada,23/10/2025 08:00 Hrs.,Publicado,1061
487-0075-LPU25,"Mantenimiento preventivo, correctivo e integral de CUATRO (04) RESPIRADORES marca DRAGUER",Licitación Pública,16/10/2025 10:00 Hrs.,Publicado,1345
30-0018-LPU25,"Adquisición aerosoles orgánicos OC, y Granadas CS, de humo blanco y sonoro lumínicas",Licitación Pública,20/10/2025 10:30 Hrs.,Publicado,1264
101-0004-LPU25,Servicio de limpieza integral,Licitación Pública,17/10/2025 09:00 Hrs.,Publicado,917
72-0062-LPU25,CONTRATACIÓN DE UN SERVICIO DE ACCESO FULL INTERNET PARA ORGANISMOS DEPENDIENTES DEL EMCFFAA,Licitación Pública,17/10/2025 10:00 Hrs.,Publicado,1050
340/1-0054-LPU25,ADQUISICIÓN DE LUBRICANTES – PACID,Licitación Pública,16/10/2025 09:00 Hrs.,Publicado,690
36-0002-LPR25,"Servicio de reparación, mantenimiento e impermeabilización de techo y cubiertas.",Licitación Privada,16/10/2025 10:00 Hrs.,Publicado,711
142-0004-LPR25,Servicio de envío postal de Cartas Documento,Licitación Privada,22/10/2025 12:00 Hrs.,Publicado,642
39-0031-LPU25,ADQUISICIÓN DE MOCHILAS TÁCTICAS HIDRANTES PARA LA AGRUPACIÓN GUARDACOSTAS.,Licitación Pública,24/10/2025 09:00 Hrs.,Publicado,1082
23-0007-LPU25,Seguro Flota Automotor SGP,Licitación Pública,25/11/2025 12:00 Hrs.,Publicado,589
23-0008-LPU25,Seguros para las dependencias de la Secretaría General,Licitación Pública,28/11/2025 12:00 Hrs.,Publicado,589
95-0013-LPR25,ADQUISICIÓN DE INDUMENTARIA Y CALZADO DE SEGURIDAD,Licitación Privada,23/10/2025 12:00 Hrs.,Publicado,632
40/47-0748-CDI25,Adquisición de Repuestos para Maquinaria de Jardinería Esc. Serv. Generales de la EAM,Contratación Directa,17/10/2025 10:00 Hrs.,Publicado,887
368-0001-LPU25,Adquisición de dispositivos Firewall de perímetro con soporte.,Licitación Pública,16/10/2025 14:00 Hrs.,Publicado,692
38/1-1361-LPR25,Adq. de kits de repuestos para mantenimiento de turbocompresor de motor diésel Sulzer.,Licitación Privada,22/10/2025 09:30 Hrs.,Publicado,978
40/5-0544-LPR25,Pinturas & Afines,Licitación Privada,16/10/2025 08:00 Hrs.,Publicado,1797
368-0004-LPU25,Servicio de limpieza integral con provisión de insumos para el edificio sede de la UIF,Licitación Pública,24/10/2025 13:00 Hrs.,Publicado,692
262-0011-LPR25,Provisión e instalación de equipos de Aire Acondicionado para el Data Center de la SSA,Licitación Privada,16/10/2025 12:00 Hrs.,Publicado,650
30-0011-CDI25,"Locación de UN inmueble sede del Dpto INVEST. FEDERALES INTERIOR y las Div CENTRO, NORTE y SUR",Contratación Directa,28/10/2025 10:30 Hrs.,Publicado,1264
40/28-0509-LPR25,SERVICIO DE ALQUILER DE GRUA AUTOPROPULSADA SIN OPERADOR CON CAPACIDAD SUPERIOR A 15 TN,Licitación Privada,16/10/2025 11:00 Hrs.,Publicado,866
340/1-0050-LPU25,ADQUISICIÓN DE EQUIPOS DE SANIDAD – SOSTÉN LOGÍSTICO ANTÁRTICO,Licitación Pública,21/10/2025 09:00 Hrs.,Publicado,690
38/12-0371-LPU25,SERVICIO MANTENIMIENTO DE REPARACIÓN DE BOMBAS DE AGUA PARA UNIDADES DEPENDIENTES DEL COFM,Licitación Pública,22/10/2025 09:00 Hrs.,Publicado,951
40/28-0538-LPR25,ADQUISICION DE CHAPAS DE ALUMINIO,Licitación Privada,16/10/2025 12:00 Hrs.,Publicado,866
38/38-0279-LPU25,ADQUISICION DE UNA (1) CENTRAL DE MONITOREO PARA LA UNIDAD DE RECUPERACION CARDIOVASCULAR .,Licitación Pública,22/10/2025 10:00 Hrs.,Publicado,979
318-0011-CDI25,"SERVICIO DE SOPORTE TÉCNICO PARA LA PLATAFORMA DE FICHAJES, CONTROL HORARIO Y GESTIÓN DE LICENCIAS",Contratación Directa,20/10/2025 12:00 Hrs.,Publicado,802
56-0001-CPU25,Servicio de limpieza para las sedes del ENRE,Concurso Público,20/10/2025 15:00 Hrs.,Publicado,1319
16-0025-CDI25,REVISIÓN INDEPENDIENTE DE LA BARRERA ANTIDERRAME DE LA CENTRAL NUCLEAR ATUCHA UNIDAD I,Contratación Directa,21/10/2025 14:00 Hrs.,Publicado,676
40/28-0537-LPR25,SERVICiO DE SEÑALIZACION VIAL DEL AERODROMO AMRC,Licitación Privada,21/10/2025 12:00 Hrs.,Publicado,866
16-0017-CDI25,SERV. DE ING CONSISTENTES EN REVISIÓN Y EVALUACIÓN DE MODIFICACIONES EN SIST DE INSTRUMENTACIÓN,Contratación Directa,21/10/2025 14:00 Hrs.,Publicado,676
507-0002-LPU25,SERVICIO DE LIMPIEZA INTEGRAL,Licitación Pública,29/10/2025 10:00 Hrs.,Publicado,1945
55-0039-CDI25,SERVICIO DE ENSAYO DE MUESTRAS,Contratación Directa,21/10/2025 13:00 Hrs.,Publicado,1266
36-0015-CDI25,Adquisición de Ropa de Trabajo,Contratación Directa,31/10/2025 10:00 Hrs.,Publicado,711
35-0025-LPR25,Adquisición de ropa de cama y colchones para SHN,Licitación Privada,04/11/2025 10:00 Hrs.,Publicado,648
